"","row_name","Aclidinium brom 396mcg/dose / Formoterol 11.8mcg/dose DP inh","Aclidinium bromide 375micrograms/dose dry powder inhaler","Aerivio Spiromax 50microg / 500microg/dose dry pdr inh","AirFluSal 25micrograms/dose / 125micrograms/dose inhaler","AirFluSal 25micrograms/dose / 250micrograms/dose inhaler","AirFluSal Forspiro 50microg / 500microg/dose dry pdr inh","Airomir 100micrograms/dose Autohaler","Airomir 100micrograms/dose inhaler","AirSalb 100micrograms/dose inhaler CFC free","Aloflute 25micrograms/dose / 125micrograms/dose inhaler","Aloflute 25micrograms/dose / 250micrograms/dose inhaler","Alvesco 160 inhaler","Alvesco 80 inhaler","Anoro Ellipta 55microg/dose / 22microg/dose dry pdr inh","Asmanex 200micrograms/dose Twisthaler","Asmanex 400micrograms/dose Twisthaler","Atimos Modulite 12micrograms/dose inhaler","Atrovent 20micrograms/dose inhaler CFC free","Beclometasone 100mcg/dose breath actuated inhaler CFC free","Beclometasone 100microg/Formoterol 6microg/dose dry pdr inh","Beclometasone 100microg/Formoterol 6microg/dose inh CFCfree","Beclometasone 100micrograms/dose breath actuated inhaler","Beclometasone 100micrograms/dose inhaler","Beclometasone 100micrograms/dose inhaler CFC free","Beclometasone 200microg/Formoterol 6microg/dose dry pdr inh","Beclometasone 200micrograms/dose dry powder inhaler","Beclometasone 200micrograms/dose inhaler CFC free","Beclometasone 50micrograms/dose breath actuated inh CFC free","Beclometasone 50micrograms/dose inhaler CFC free","Braltus 10microgram inhalation pdr caps with Zonda inhaler","Bricanyl 500micrograms/dose Turbohaler","Budelin Novolizer 200micrograms/dose inhalation pdr refill","Budelin Novolizer 200micrograms/dose inhalation powder","Budesonide 100microg / Formoterol 6microg/dose dry pdr inh","Budesonide 100micrograms/dose dry powder inhaler","Budesonide 200mcg/dose / Formoterol 6mcg/dose dry powder inh","Budesonide 200microg / Formoterol 6microg/dose inh CFC free","Budesonide 200microg/dose dry pdr inhalation cart with dev","Budesonide 200micrograms/dose dry pdr inhalation cartridge","Budesonide 200micrograms/dose dry powder inhaler","Budesonide 400mcg/dose /Formoterol 12mcg/dose dry powder inh","Budesonide 400micrograms/dose dry powder inhaler","Ciclesonide 160micrograms/dose inhaler CFC free","Ciclesonide 80micrograms/dose inhaler CFC free","Clenil Modulite 100micrograms/dose inhaler","Clenil Modulite 200micrograms/dose inhaler","Clenil Modulite 250micrograms/dose inhaler","Clenil Modulite 50micrograms/dose inhaler","Combisal 25micrograms/dose / 125micrograms/dose inhaler","Combisal 25micrograms/dose / 250micrograms/dose inhaler","Combisal 25micrograms/dose / 50micrograms/dose inhaler","Duaklir 340micrograms/dose / 12micrograms/dose Genuair","DuoResp Spiromax 160microg/dose / 4.5microg/dose dry pdr inh","DuoResp Spiromax 320microg/dose / 9microg/dose dry pdr inh","Easyhaler Beclometasone 200micrograms/dose dry pdr inhaler","Easyhaler Budesonide 100micrograms/dose dry powder inhaler","Easyhaler Budesonide 200micrograms/dose dry powder inhaler","Easyhaler Budesonide 400micrograms/dose dry powder inhaler","Easyhaler Salbutamol sulfate 100micrograms/dose dry pdr inh","Easyhaler Salbutamol sulfate 200micrograms/dose dry pdr inh","Eklira 322micrograms/dose Genuair","Flixotide 100micrograms/dose Accuhaler","Flixotide 125micrograms/dose Evohaler","Flixotide 250micrograms/dose Accuhaler","Flixotide 250micrograms/dose Evohaler","Flixotide 500micrograms/dose Accuhaler","Flixotide 50micrograms/dose Accuhaler","Flixotide 50micrograms/dose Evohaler","Fluticasone 125mcg/dose / Salmeterol 25mcg/dose inh CFC free","Fluticasone 125microg / Formoterol 5microg/dose inh CFC free","Fluticasone 125microg/Formoterol 5microg/dose BA inh CFCfree","Fluticasone 125micrograms/dose inhaler CFC free","Fluticasone 250mcg/dose / Salmeterol 25mcg/dose inh CFC free","Fluticasone 250microg / Formoterol 10microg/dose inh CFCfree","Fluticasone 250micrograms/dose inhaler CFC free","Fluticasone 50microg / Formoterol 5microg/dose inh CFC free","Fluticasone 50microg / Salmeterol 25microg/dose inh CFC free","Fluticasone 50micrograms/dose inhaler CFC free","Fluticasone furoate 184microg/Vilanterol 22microg/dose","Fluticasone furoate 92microg/Vilanterol 22microg/dose","Fluticasone propion 500mcg/Salmeterol 50mcg/dose dry pdr inh","Fluticasone propionate 100microg/Salmeterol 50microg/dose","Fluticasone propionate 100micrograms/dose dry powder inhaler","Fluticasone propionate 250microg/Salmeterol 50microg/dose","Fluticasone propionate 250micrograms/dose dry powder inhaler","Fluticasone propionate 500micrograms/dose dry powder inhaler","Fluticasone propionate 50micrograms/dose dry powder inhaler","Flutiform 125micrograms/dose / 5micrograms/dose inhaler","Flutiform 250micrograms/dose / 10micrograms/dose inhaler","Flutiform 50micrograms/dose / 5micrograms/dose inhaler","Flutiform K-haler 125microg/dose / 5microg/dose BA inhaler","Flutiform K-haler 50microg/dose / 5microg/dose BA inh","Fobumix Easyhaler 160microg / 4.5microg/dose dry pdr inh","Fobumix Easyhaler 320microg/dose / 9microg/dose dry pdr inh","Fobumix Easyhaler 80microg/dose / 4.5microg/dose dry pdr inh","Foradil 12microgram inhalation powder capsules with device","Formoterol 12microgram inhalation pdr caps with device","Formoterol 12micrograms/dose inhaler CFC free","Formoterol 6micrograms/dose dry powder inhaler","Formoterol Easyhaler 12micrograms/dose dry powder inhaler","Fostair 100micrograms/dose / 6micrograms/dose inhaler","Fostair 200micrograms/dose / 6micrograms/dose inhaler","Fostair NEXThaler 100microg/dose / 6microg/dose dry pdr inh","Fostair NEXThaler 200microg/dose / 6microg/dose dry pdr inh","Fusacomb Easyhaler 50microg / 250microg/dose dry pdr inh","Glycopyrronium bromide 55microg inhalation pdr caps with dev","Incruse Ellipta 55micrograms/dose dry powder inhaler","Indacaterol 150microgram inhalation pdr caps with device","Indacaterol 300microgram inhalation pdr caps with device","Indacaterol 85microg/Glycopyrronium brom 54microg/dose","Inhalvent 20micrograms/dose inhaler","Ipratropium bromide 20micrograms/dose inhaler CFC free","Ipravent 20micrograms/dose inhaler CFC free","Kelhale 100micrograms/dose inhaler","Kelhale 50micrograms/dose inhaler","Mometasone 200micrograms/dose dry powder inhaler","Mometasone 400micrograms/dose dry powder inhaler","Neovent 25micrograms/dose inhaler CFC free (Kent Pharm)","Onbrez Breezhaler 150microgram inhalation pdr caps with dev","Onbrez Breezhaler 300microgram inhalation pdr caps with dev","Oxis 12 Turbohaler","Oxis 6 Turbohaler","Pulmicort 100 Turbohaler","Pulmicort 200 Turbohaler","Pulmicort 400 Turbohaler","Pulvinal Beclometasone Diprop 100microg/dose dry pdr inh","Qvar 100 Autohaler","Qvar 100 inhaler","Qvar 100micrograms/dose Easi-Breathe inhaler","Qvar 50 Autohaler","Qvar 50 inhaler","Qvar 50micrograms/dose Easi-Breathe inhaler","Relvar Ellipta 184microg/dose / 22microg/dose dry pdr inh","Relvar Ellipta 92microg/dose / 22microg/dose dry pdr inh","Salamol 100micrograms/dose Easi-Breathe inhaler","Salamol 100micrograms/dose inhaler CFC free (Teva)","Salbulin Novolizer 100micrograms/dose inhalation pdr refill","Salbulin Novolizer 100micrograms/dose inhalation powder","Salbutamol 100micrograms/dose breath actuated inh CFC free","Salbutamol 100micrograms/dose dry powder inhaler","Salbutamol 100micrograms/dose inhaler","Salbutamol 100micrograms/dose inhaler CFC free","Salbutamol 200micrograms/dose dry powder inhaler","Salmeterol 25micrograms/dose inhaler CFC free","Salmeterol 50micrograms/dose dry powder inhaler","Seebri Breezhaler 44microgram inhalation pdr caps with dev","Sereflo 25micrograms/dose / 125micrograms/dose inhaler","Sereflo 25micrograms/dose / 250micrograms/dose inhaler","Seretide 100 Accuhaler","Seretide 125 Evohaler","Seretide 250 Accuhaler","Seretide 250 Evohaler","Seretide 50 Evohaler","Seretide 500 Accuhaler","Serevent 25micrograms/dose Evohaler","Serevent 50micrograms/dose Accuhaler","Sirdupla 25micrograms/dose / 125micrograms/dose inhaler","Sirdupla 25micrograms/dose / 250micrograms/dose inhaler","Soltel 25micrograms/dose inhaler CFC free","Soprobec 100micrograms/dose inhaler","Soprobec 200micrograms/dose inhaler","Soprobec 250micrograms/dose inhaler","Soprobec 50micrograms/dose inhaler","Spiolto Respimat 2.5microg/dose / 2.5microg/dose soln refill","Spiolto Respimat 2.5microg/dose/2.5microg/dose soln","Spiriva 18microgram inhalation pdr caps with HandiHaler","Spiriva 18microgram inhalation powder capsules","Spiriva Respimat 2.5microg/dose inhalation soln","Spiriva Respimat 2.5microg/dose inhalation soln refill cart","Striverdi Respimat 2.5microg/dose inhalation soln","Striverdi Respimat 2.5microg/dose inhalation soln refill","Symbicort 100/6 Turbohaler","Symbicort 200/6 Turbohaler","Symbicort 200microg/dose / 6microg/dose pressurised inh","Symbicort 400/12 Turbohaler","Terbutaline 500micrograms/dose dry powder inhaler","Tiotropium brom 2.5microg/dose soln for inhalation CFCfree","Tiotropium brom 2.5microg/Olodaterol 2.5microg/dose soln","Tiotropium brom 2.5microg/Olodaterol 2.5microg/dose soln&dev","Tiotropium bromide 18microgram inhalation pdr caps with dev","Tiotropium bromide 18microgram inhalation powder capsules","Tiotropium bromide 2.5micrograms/dose inhalation soln cart","Trelegy Ellipta 92microg/55microg/22microg/dose dry pdr inh","Trimbow 87microg/dose / 5microg/dose / 9microg/dose inh","Ultibro Breezhaler 85microg/43microg pdr caps with dev","Umeclidinium brom 65microg/Vilanterol 22microg/dose dry pdr","Umeclidinium bromide 65micrograms/dose dry powder inhaler","Ventolin 100micrograms/dose Evohaler","Ventolin 200micrograms/dose Accuhaler"
"1","ADDINGHAM SURGERY",NA,NA,NA,NA,NA,NA,NA,NA,NA,20,NA,NA,NA,214,NA,NA,NA,NA,NA,NA,NA,NA,NA,NA,NA,NA,NA,NA,NA,4,NA,NA,NA,48,NA,30,NA,NA,NA,4,24,4,NA,NA,1030,450,20,270,140,NA,NA,24,28,20,NA,NA,NA,NA,NA,NA,NA,NA,NA,NA,NA,NA,NA,NA,60,NA,NA,10,210,NA,40,NA,NA,NA,21,20,NA,NA,NA,NA,NA,NA,NA,30,40,NA,NA,NA,1,NA,NA,NA,NA,NA,NA,NA,710,250,31,5,NA,NA,26,NA,NA,NA,NA,NA,NA,NA,NA,NA,NA,NA,NA,NA,NA,NA,2,3,NA,NA,110,260,30,NA,NA,NA,40,158,170,10,NA,NA,670,NA,NA,5730,NA,NA,4,12,NA,NA,31,NA,33,616,728,24,NA,NA,550,640,NA,NA,NA,NA,NA,NA,4,NA,NA,8,6,NA,NA,10,69,30,61,40,NA,NA,NA,NA,18,NA,179,18,NA,NA,NA,1736,29
"2","ALICE STREET SURGERY",NA,NA,NA,NA,NA,NA,NA,NA,NA,NA,NA,NA,NA,116,4,9,NA,10,NA,NA,NA,NA,NA,30,NA,NA,NA,NA,NA,26,14,NA,NA,74,NA,122,94,NA,NA,8,148,NA,NA,NA,6220,1490,260,1950,NA,NA,NA,10,26,48,2,1,NA,NA,31,1,NA,NA,NA,NA,NA,NA,NA,84,260,NA,NA,50,280,NA,NA,NA,NA,NA,6,56,2,NA,NA,7,NA,NA,NA,NA,NA,NA,NA,NA,NA,NA,NA,NA,NA,NA,NA,NA,1380,850,22,30,NA,6,60,NA,NA,NA,NA,80,NA,NA,NA,8,1,NA,NA,NA,NA,NA,NA,NA,NA,NA,100,310,50,20,30,NA,12,119,290,170,NA,NA,1330,1,NA,22150,10,10,NA,NA,NA,NA,NA,532,16,1036,868,17,NA,NA,NA,110,NA,40,NA,NA,NA,NA,NA,NA,NA,50,11,NA,NA,22,135,240,80,59,27,NA,NA,24,46,NA,52,82,NA,NA,NA,9856,5
"3","ASHCROFT SURGERY",NA,NA,NA,NA,NA,NA,120,NA,NA,NA,NA,NA,NA,576,NA,NA,130,NA,NA,NA,40,NA,NA,NA,NA,NA,NA,NA,NA,15,46,NA,NA,16,NA,34,893,NA,1,14,16,NA,NA,NA,5560,1070,120,1320,NA,40,NA,52,300,372,8,NA,NA,NA,5,NA,12,NA,28,7,NA,NA,NA,NA,NA,280,NA,50,360,NA,NA,240,NA,40,12,30,NA,NA,NA,NA,11,NA,NA,1250,60,NA,NA,NA,2,NA,NA,NA,6,NA,NA,NA,7870,1540,66,NA,NA,13,434,NA,3,NA,NA,550,NA,20,50,NA,NA,NA,NA,NA,30,NA,1,13,2,NA,120,610,250,40,170,130,106,512,840,310,NA,NA,1570,NA,NA,26840,39,130,1,12,NA,NA,19,1904,36,4760,1764,106,196,NA,NA,80,NA,50,NA,NA,NA,NA,7,1,53,145,13,NA,NA,9,81,NA,59,65,40,NA,NA,20,260,NA,267,175,8,20,54,46620,110
"4","ASHWELL MEDICAL CENTRE",NA,NA,NA,NA,NA,NA,NA,NA,NA,NA,NA,NA,NA,138,NA,NA,NA,NA,NA,NA,NA,NA,NA,NA,NA,NA,NA,NA,NA,NA,NA,NA,NA,4,NA,4,NA,7,NA,NA,NA,NA,NA,NA,11010,1280,90,3250,NA,NA,NA,46,14,NA,1,2,1,NA,5,4,49,NA,NA,14,NA,NA,NA,364,340,NA,NA,NA,380,30,NA,10,60,NA,11,56,2,9,NA,13,NA,NA,NA,140,NA,280,NA,NA,NA,NA,NA,NA,NA,NA,NA,NA,4990,870,13,1,NA,NA,122,NA,NA,NA,NA,10,NA,NA,NA,NA,NA,NA,NA,NA,NA,NA,NA,10,NA,NA,40,140,130,NA,NA,NA,33,318,180,NA,NA,NA,230,NA,NA,7890,NA,860,14,NA,NA,NA,27,10024,10,6244,4536,26,364,14,NA,60,NA,430,10,NA,100,NA,NA,12,11,88,NA,NA,NA,34,12,130,43,10,24,NA,NA,14,87,NA,135,54,NA,NA,25,27048,1
"5","BAILDON MEDICAL PRACTICE",6,NA,NA,NA,NA,NA,340,NA,NA,NA,NA,NA,NA,552,NA,NA,NA,20,NA,NA,NA,NA,NA,NA,NA,NA,NA,NA,NA,NA,19,NA,NA,22,NA,80,611,1,NA,7,16,NA,NA,NA,6280,260,10,1470,NA,100,NA,4,56,14,5,NA,NA,NA,2,NA,NA,NA,NA,NA,NA,NA,NA,NA,190,2330,10,180,80,310,NA,110,400,NA,4,2,18,NA,NA,NA,11,NA,NA,3360,1750,660,NA,NA,11,1,NA,NA,NA,NA,NA,NA,3360,270,5,10,NA,NA,296,8,NA,NA,NA,130,NA,190,250,NA,NA,NA,NA,NA,NA,NA,NA,7,NA,NA,100,400,30,30,190,40,47,235,190,140,NA,NA,550,NA,NA,3030,5,190,NA,7,NA,NA,30,2240,22,1288,1372,25,NA,NA,1360,750,NA,540,40,NA,50,3,11,1,14,15,1,NA,NA,23,118,120,45,63,31,NA,1,NA,16,1,244,35,5,6,NA,53788,20
"6","BARKEREND HC - EL ELIWI",NA,NA,NA,NA,NA,NA,160,NA,NA,NA,NA,NA,NA,254,NA,NA,NA,NA,NA,NA,NA,NA,NA,NA,NA,NA,NA,NA,NA,NA,42,NA,NA,32,NA,NA,NA,1,NA,9,NA,NA,NA,NA,4280,1210,NA,1660,NA,NA,NA,88,78,70,NA,NA,NA,NA,20,NA,77,13,NA,NA,NA,NA,NA,NA,180,490,NA,40,390,370,NA,130,50,NA,NA,1,26,NA,7,4,NA,NA,NA,750,630,460,NA,NA,NA,NA,NA,NA,NA,NA,NA,NA,2660,970,180,31,NA,NA,86,NA,NA,NA,NA,20,NA,10,NA,NA,NA,NA,NA,NA,NA,NA,8,NA,NA,NA,NA,440,NA,NA,40,NA,34,186,470,NA,NA,NA,280,NA,NA,18770,NA,110,NA,NA,NA,NA,20,1624,11,224,2268,8,140,NA,40,NA,NA,50,20,NA,10,1,2,NA,15,43,NA,NA,NA,30,121,170,14,25,35,NA,NA,20,39,NA,40,127,NA,NA,NA,12292,27
"7","BEVAN HEALTHCARE CIC",NA,NA,NA,NA,NA,NA,NA,NA,NA,80,NA,NA,NA,208,NA,NA,NA,110,NA,NA,NA,NA,NA,NA,NA,NA,NA,NA,NA,9,38,NA,NA,22,NA,NA,470,NA,NA,NA,NA,NA,NA,NA,3280,430,NA,600,NA,20,NA,30,54,2,NA,5,NA,NA,19,5,15,NA,NA,NA,NA,NA,NA,NA,180,180,NA,NA,240,160,NA,40,NA,NA,NA,23,NA,NA,NA,6,NA,NA,NA,130,130,10,NA,NA,NA,NA,NA,NA,NA,NA,NA,NA,2910,1180,58,3,NA,NA,105,NA,NA,NA,NA,140,NA,NA,NA,NA,NA,NA,NA,NA,NA,NA,3,6,NA,NA,NA,50,20,NA,30,NA,66,137,140,10,NA,NA,90,NA,NA,17670,NA,10,NA,8,90,120,NA,532,24,1036,308,18,NA,NA,NA,90,NA,NA,NA,NA,NA,1,3,10,19,33,5,NA,NA,6,24,70,29,16,34,NA,NA,NA,17,NA,73,15,NA,NA,NA,6468,26
"8","BILTON MEDICAL CENTRE",NA,28,NA,NA,NA,111,NA,NA,NA,NA,NA,NA,NA,40,NA,NA,NA,NA,NA,NA,120,NA,NA,NA,NA,NA,NA,NA,NA,132,34,NA,NA,68,NA,2,NA,NA,NA,NA,NA,NA,NA,NA,9400,1190,240,3580,NA,NA,NA,NA,404,264,NA,NA,NA,NA,28,NA,NA,NA,NA,NA,NA,NA,NA,NA,20,170,NA,NA,380,200,10,140,490,90,29,25,NA,NA,NA,4,NA,NA,NA,690,130,110,NA,NA,NA,NA,NA,NA,NA,111,NA,NA,3340,1620,19,17,NA,NA,35,NA,NA,NA,NA,250,NA,NA,NA,NA,NA,NA,NA,NA,12,NA,5,18,NA,NA,190,130,320,NA,60,NA,85,188,520,430,NA,NA,1740,NA,NA,15590,NA,NA,NA,NA,NA,20,36,1540,14,224,1792,15,NA,NA,980,2030,NA,NA,NA,NA,NA,NA,NA,10,NA,93,NA,NA,NA,26,89,320,11,75,25,NA,NA,NA,1,1,126,30,NA,NA,NA,44352,94
"9","BINGLEY MEDICAL PRACTICE",NA,NA,NA,NA,21,NA,NA,NA,NA,NA,NA,NA,NA,984,NA,NA,NA,NA,NA,NA,NA,NA,NA,NA,NA,NA,NA,NA,NA,72,24,NA,NA,NA,4,6,141,NA,NA,1,NA,1,50,NA,7130,690,60,2130,40,20,NA,14,394,308,5,NA,NA,NA,4,NA,1,24,336,14,NA,NA,2,168,NA,240,NA,110,130,150,NA,70,NA,30,11,13,11,6,NA,NA,13,NA,NA,2130,1400,1270,50,NA,NA,NA,NA,NA,NA,NA,NA,NA,10240,740,62,5,NA,NA,333,7,11,NA,NA,220,NA,10,NA,NA,NA,NA,24,NA,1,NA,18,13,7,NA,20,1300,580,20,630,240,92,262,2410,30,NA,NA,2230,1,NA,6560,NA,80,NA,8,NA,NA,24,3052,58,1204,924,49,392,NA,NA,NA,NA,400,80,20,260,19,47,NA,42,56,11,NA,NA,20,88,170,26,84,42,NA,NA,12,57,1,235,281,44,NA,NA,78344,50
"10","BOWLING HALL MED PRACTICE",NA,34,NA,NA,3,NA,NA,NA,NA,NA,NA,NA,NA,1194,NA,NA,NA,40,NA,NA,NA,NA,NA,NA,NA,NA,NA,NA,NA,8,24,NA,NA,22,NA,138,NA,NA,NA,11,20,NA,NA,NA,8160,2160,110,1780,20,NA,300,30,586,146,NA,3,3,NA,19,5,NA,NA,NA,NA,NA,NA,NA,NA,770,380,NA,60,480,230,NA,120,560,NA,61,165,22,2,NA,19,NA,NA,NA,1680,1330,110,NA,NA,NA,NA,NA,NA,NA,NA,NA,NA,7900,1070,8,22,NA,NA,1393,NA,NA,NA,NA,340,NA,NA,NA,NA,NA,NA,NA,NA,NA,NA,2,11,NA,NA,NA,350,50,90,160,30,117,863,880,410,NA,NA,1390,NA,NA,40730,NA,410,NA,25,80,NA,22,1708,5,1960,3052,53,336,2,260,180,NA,20,NA,NA,10,NA,2,1,45,150,5,NA,NA,47,248,NA,57,95,33,NA,NA,251,110,NA,612,355,NA,25,79,91840,73
"11","BRADFORD DERMATOLOGY SERVICE",NA,NA,NA,NA,NA,NA,NA,NA,NA,NA,NA,NA,NA,2,NA,NA,NA,NA,NA,NA,NA,NA,NA,NA,NA,NA,NA,NA,NA,NA,NA,NA,NA,NA,NA,NA,NA,NA,NA,NA,NA,NA,NA,NA,10,NA,NA,NA,NA,NA,NA,NA,NA,NA,NA,NA,NA,NA,NA,NA,NA,NA,NA,NA,NA,NA,NA,NA,NA,NA,NA,NA,NA,NA,NA,NA,NA,10,NA,NA,NA,NA,NA,NA,NA,NA,NA,NA,NA,NA,NA,NA,NA,NA,NA,NA,NA,NA,NA,NA,10,NA,NA,NA,NA,NA,NA,NA,NA,NA,NA,NA,NA,NA,NA,NA,NA,NA,NA,NA,NA,NA,NA,NA,NA,NA,NA,NA,NA,NA,NA,NA,NA,1,NA,NA,NA,NA,20,NA,NA,70,NA,NA,NA,NA,NA,NA,NA,NA,NA,NA,NA,NA,NA,NA,NA,NA,NA,NA,NA,NA,NA,NA,NA,NA,NA,NA,NA,NA,NA,NA,NA,NA,NA,NA,NA,NA,NA,NA,NA,NA,NA,NA,NA,NA,NA,56,1
"12","BRADFORD DISTRICT CARE TRUST",NA,NA,NA,NA,NA,NA,20,NA,NA,NA,NA,NA,NA,2,NA,NA,NA,NA,NA,NA,NA,NA,NA,NA,NA,NA,NA,NA,NA,NA,NA,NA,NA,NA,NA,NA,NA,NA,NA,NA,NA,NA,NA,NA,10,NA,NA,NA,NA,NA,NA,NA,NA,NA,NA,NA,NA,NA,NA,NA,NA,NA,NA,NA,NA,NA,NA,NA,NA,NA,NA,NA,NA,NA,NA,NA,NA,NA,NA,NA,NA,NA,NA,NA,NA,NA,NA,NA,NA,NA,NA,NA,NA,NA,NA,NA,NA,NA,NA,NA,10,10,NA,NA,NA,NA,NA,NA,NA,NA,NA,NA,NA,NA,NA,NA,NA,NA,NA,NA,NA,NA,NA,NA,NA,NA,NA,NA,NA,NA,NA,NA,NA,1,10,NA,NA,NA,10,NA,NA,400,1,NA,NA,NA,NA,NA,NA,NA,NA,28,NA,NA,NA,NA,10,NA,NA,NA,NA,NA,NA,1,NA,NA,2,2,NA,NA,NA,1,1,10,NA,NA,NA,NA,NA,NA,NA,NA,3,10,NA,NA,NA,588,NA
"13","BRADFORD EXTENDED ACCESS",NA,NA,NA,NA,NA,NA,NA,NA,NA,NA,NA,NA,NA,NA,NA,NA,NA,30,NA,NA,NA,NA,NA,NA,NA,NA,NA,NA,NA,NA,1,NA,NA,NA,NA,NA,NA,NA,1,NA,NA,NA,NA,NA,280,130,NA,130,NA,NA,NA,NA,NA,NA,NA,NA,NA,NA,1,1,NA,NA,NA,NA,NA,NA,NA,NA,NA,10,NA,NA,NA,NA,NA,NA,NA,NA,NA,NA,NA,NA,NA,1,NA,NA,NA,NA,NA,NA,NA,NA,NA,NA,NA,NA,NA,NA,NA,NA,60,60,3,2,NA,NA,1,NA,NA,NA,NA,40,NA,NA,NA,NA,NA,NA,NA,NA,NA,NA,NA,NA,NA,NA,NA,NA,10,NA,NA,NA,NA,2,30,NA,NA,NA,280,NA,NA,2050,NA,NA,NA,NA,NA,NA,1,56,NA,84,NA,NA,NA,NA,NA,NA,NA,NA,NA,NA,NA,NA,NA,1,NA,NA,NA,NA,NA,NA,3,NA,2,3,NA,NA,NA,NA,NA,NA,NA,NA,NA,NA,NA,644,1
"14","BRADFORD MOOR PRACTICE",NA,NA,NA,NA,NA,NA,NA,NA,NA,NA,NA,NA,NA,34,NA,NA,NA,NA,NA,NA,NA,NA,NA,NA,NA,NA,NA,NA,NA,NA,3,NA,NA,NA,NA,NA,NA,NA,NA,NA,NA,NA,NA,NA,700,360,270,220,NA,60,NA,12,NA,NA,NA,NA,NA,NA,NA,NA,NA,NA,NA,4,NA,NA,NA,28,NA,NA,NA,NA,NA,NA,NA,130,NA,40,NA,3,NA,NA,NA,17,NA,NA,NA,40,NA,10,NA,NA,NA,NA,NA,NA,13,NA,NA,NA,1080,1060,77,11,NA,NA,40,NA,NA,NA,NA,NA,NA,40,20,NA,NA,NA,NA,NA,NA,NA,NA,NA,4,NA,NA,NA,10,NA,30,NA,20,135,230,NA,NA,NA,90,NA,NA,7640,NA,NA,NA,NA,NA,NA,NA,28,NA,644,224,37,NA,NA,NA,NA,NA,310,170,170,90,NA,NA,7,51,21,NA,NA,NA,3,31,100,13,1,21,NA,NA,39,47,NA,1,NA,NA,NA,NA,336,NA
"15","BRADFORD SAFE HAVEN SERVICE",NA,NA,NA,NA,NA,NA,NA,NA,NA,NA,NA,NA,NA,NA,NA,NA,NA,NA,NA,NA,NA,NA,NA,NA,NA,NA,NA,NA,NA,NA,NA,NA,NA,NA,NA,NA,NA,NA,NA,NA,NA,NA,NA,NA,NA,NA,NA,NA,NA,NA,NA,NA,NA,NA,NA,NA,NA,NA,NA,NA,NA,NA,NA,NA,NA,NA,NA,NA,NA,NA,NA,NA,NA,NA,NA,NA,NA,NA,NA,NA,NA,NA,NA,NA,NA,NA,NA,NA,NA,NA,NA,NA,NA,NA,NA,NA,NA,NA,NA,NA,10,NA,NA,NA,NA,NA,1,NA,NA,NA,NA,NA,NA,NA,NA,NA,NA,NA,NA,NA,NA,NA,NA,NA,NA,NA,NA,NA,NA,NA,NA,NA,NA,1,NA,NA,NA,NA,NA,NA,NA,70,NA,NA,NA,NA,NA,NA,NA,NA,NA,28,28,NA,NA,NA,NA,NA,NA,NA,NA,NA,NA,NA,NA,NA,NA,NA,NA,NA,NA,NA,NA,NA,NA,NA,NA,NA,NA,NA,NA,NA,NA,2,NA,NA,NA,56,NA
"16","BRADFORD STUDENT HEALTH SERVICE",NA,NA,NA,NA,NA,NA,NA,NA,NA,NA,NA,NA,NA,NA,NA,NA,NA,NA,NA,NA,NA,NA,NA,NA,NA,NA,NA,NA,NA,NA,1,NA,NA,6,NA,NA,47,1,1,NA,NA,NA,NA,NA,860,130,NA,260,NA,NA,NA,NA,18,36,2,NA,NA,NA,2,NA,NA,NA,NA,NA,NA,NA,NA,112,10,NA,NA,NA,NA,10,10,NA,NA,NA,NA,NA,NA,NA,NA,NA,NA,NA,NA,50,20,NA,NA,NA,NA,NA,NA,NA,14,NA,NA,NA,690,300,4,14,NA,NA,NA,NA,NA,NA,NA,10,NA,NA,NA,NA,NA,NA,NA,NA,NA,NA,2,NA,NA,NA,NA,40,40,NA,NA,NA,5,12,10,NA,NA,NA,190,NA,NA,3020,NA,10,NA,NA,NA,NA,NA,336,6,56,84,NA,NA,NA,NA,NA,NA,60,NA,NA,NA,3,4,4,NA,1,NA,NA,NA,NA,14,NA,6,10,5,NA,NA,NA,NA,NA,NA,NA,NA,NA,NA,1932,7
"17","BTH NHS FOUNDATION TRUST",NA,NA,NA,NA,NA,NA,NA,NA,NA,NA,NA,NA,NA,NA,NA,NA,NA,NA,NA,NA,NA,NA,NA,NA,NA,NA,NA,NA,NA,NA,1,NA,NA,NA,NA,NA,NA,NA,NA,NA,NA,NA,NA,NA,10,NA,10,NA,NA,NA,NA,NA,NA,NA,NA,NA,NA,NA,NA,NA,NA,NA,NA,NA,NA,NA,NA,NA,NA,NA,NA,NA,NA,NA,NA,NA,NA,NA,NA,1,NA,NA,NA,NA,NA,NA,NA,NA,NA,NA,NA,NA,NA,NA,NA,NA,NA,NA,NA,NA,NA,NA,NA,NA,NA,NA,NA,NA,NA,NA,NA,NA,NA,NA,NA,NA,NA,NA,NA,NA,NA,NA,NA,NA,NA,NA,NA,NA,NA,NA,NA,NA,NA,NA,NA,NA,NA,NA,NA,NA,NA,20,NA,NA,NA,NA,NA,NA,NA,NA,NA,NA,NA,NA,NA,NA,NA,NA,NA,NA,NA,NA,NA,NA,NA,NA,NA,1,NA,NA,NA,NA,NA,NA,NA,2,NA,NA,NA,NA,NA,NA,NA,NA,NA,NA,NA,NA,NA
"18","COWGILL SURGERY",NA,NA,NA,NA,24,18,100,NA,NA,NA,NA,NA,NA,464,NA,NA,NA,NA,NA,NA,NA,NA,NA,NA,NA,NA,NA,NA,NA,NA,12,NA,NA,NA,NA,NA,NA,NA,2,5,NA,3,NA,NA,2340,430,120,570,NA,NA,NA,32,58,32,NA,NA,NA,NA,18,NA,2,6,28,12,NA,NA,NA,168,70,NA,NA,50,NA,180,10,NA,120,40,NA,NA,NA,NA,NA,10,NA,NA,1,380,1350,150,40,NA,NA,NA,NA,NA,NA,NA,NA,NA,950,440,22,32,NA,NA,72,NA,NA,NA,NA,NA,NA,20,NA,NA,NA,NA,NA,NA,6,NA,2,7,NA,NA,NA,10,100,NA,70,NA,105,210,380,110,NA,NA,790,NA,NA,10760,22,10,NA,15,NA,NA,12,560,29,1120,196,8,NA,NA,NA,NA,NA,80,10,NA,NA,NA,24,NA,NA,105,23,NA,NA,2,36,NA,30,47,7,NA,5,8,1,10,293,187,14,NA,NA,12908,40
"19","CROSS HILLS GROUP PRACTICE",33,NA,NA,NA,NA,36,60,NA,NA,NA,NA,NA,NA,690,NA,NA,NA,30,NA,NA,NA,NA,NA,NA,NA,NA,NA,NA,NA,8,11,NA,NA,46,NA,48,NA,NA,NA,8,NA,NA,40,20,11820,750,90,1840,40,NA,120,78,238,72,6,1,NA,NA,17,NA,61,NA,NA,NA,NA,NA,NA,NA,790,120,NA,130,360,140,10,NA,570,120,7,118,14,10,NA,11,6,7,NA,460,130,NA,NA,NA,NA,NA,NA,NA,NA,NA,NA,NA,17230,4330,93,69,NA,13,274,NA,NA,13,NA,460,NA,NA,20,NA,NA,NA,NA,NA,NA,NA,17,13,NA,NA,NA,320,120,10,320,NA,362,697,560,20,NA,NA,3120,NA,NA,47370,28,210,NA,37,NA,NA,49,784,40,1148,1904,55,420,4,2060,1660,NA,40,10,NA,90,21,65,NA,10,367,18,15,NA,17,115,20,6,65,206,NA,NA,32,40,15,263,142,54,24,74,7140,42
"20","DERMATOLOGY CLINIC",NA,NA,NA,NA,NA,NA,NA,NA,NA,NA,NA,NA,NA,NA,NA,NA,NA,NA,NA,NA,NA,NA,NA,NA,NA,NA,NA,NA,NA,NA,NA,NA,NA,NA,NA,NA,NA,NA,NA,NA,NA,NA,NA,NA,NA,NA,NA,10,NA,NA,NA,NA,NA,NA,NA,NA,NA,NA,NA,NA,NA,NA,NA,NA,NA,NA,NA,NA,NA,NA,NA,NA,NA,NA,NA,NA,NA,NA,NA,NA,NA,NA,NA,NA,NA,NA,NA,NA,NA,NA,NA,NA,NA,NA,NA,NA,NA,NA,NA,NA,NA,NA,NA,NA,NA,NA,NA,NA,NA,NA,NA,NA,NA,NA,NA,NA,NA,NA,NA,NA,NA,NA,NA,NA,NA,NA,NA,NA,NA,NA,NA,NA,NA,NA,NA,NA,NA,NA,NA,NA,NA,NA,NA,NA,NA,NA,NA,NA,NA,NA,NA,NA,NA,NA,NA,NA,NA,NA,NA,NA,NA,NA,NA,NA,NA,NA,NA,NA,NA,NA,NA,NA,NA,NA,NA,NA,NA,NA,NA,NA,NA,NA,NA,NA,NA,NA,NA,NA,NA
"21","DR A AZAM & PARTNERS",NA,NA,NA,NA,NA,NA,NA,NA,NA,NA,NA,NA,NA,122,NA,NA,NA,140,NA,NA,NA,NA,20,20,NA,NA,NA,NA,NA,NA,4,NA,NA,NA,NA,12,1410,NA,NA,NA,NA,NA,NA,NA,3320,780,30,640,NA,NA,260,30,228,104,NA,NA,1,NA,1,NA,15,NA,NA,NA,NA,NA,NA,NA,480,120,70,NA,150,130,NA,NA,180,NA,NA,33,NA,13,NA,NA,NA,NA,NA,2190,180,NA,NA,NA,NA,NA,NA,NA,NA,NA,NA,NA,1100,540,NA,NA,NA,NA,211,NA,NA,NA,NA,130,NA,NA,NA,NA,NA,NA,NA,NA,NA,NA,NA,1,NA,NA,NA,170,40,NA,10,20,83,120,220,NA,NA,NA,260,NA,NA,15260,NA,110,NA,42,NA,NA,15,5936,4,1512,224,NA,NA,NA,10,150,NA,230,80,40,NA,NA,9,NA,2,62,NA,NA,NA,15,75,30,7,82,5,NA,NA,NA,NA,NA,122,NA,NA,NA,NA,10248,23
"22","DR GILKAR",NA,NA,NA,NA,48,NA,NA,NA,NA,NA,NA,NA,NA,60,NA,NA,NA,60,NA,NA,NA,NA,NA,NA,NA,NA,NA,NA,10,91,50,5,NA,NA,5,NA,NA,NA,NA,15,NA,NA,NA,NA,6130,460,NA,5520,NA,NA,80,NA,698,90,8,5,NA,NA,9,6,13,NA,NA,NA,NA,NA,NA,NA,670,NA,NA,10,1380,NA,160,NA,280,100,24,48,42,5,NA,14,NA,NA,NA,120,NA,NA,NA,NA,NA,NA,NA,NA,NA,NA,NA,4,2620,880,52,10,NA,15,77,NA,NA,NA,NA,500,NA,NA,NA,NA,3,NA,NA,NA,NA,NA,4,24,7,NA,30,280,50,NA,140,160,66,52,700,480,NA,1,1190,NA,NA,29040,NA,240,NA,17,NA,NA,13,700,7,700,1344,NA,NA,NA,NA,NA,NA,310,NA,NA,360,1,12,NA,6,43,NA,NA,NA,40,91,NA,27,98,48,NA,2,2,19,NA,77,15,NA,39,NA,6804,60
"23","DR IA GILKAR & PARTNERS",NA,8,NA,NA,15,NA,NA,NA,NA,NA,NA,NA,NA,300,NA,NA,NA,NA,NA,NA,NA,NA,NA,NA,NA,NA,NA,NA,NA,1,NA,NA,NA,14,NA,NA,NA,1,NA,36,NA,NA,NA,NA,4800,630,NA,1270,NA,NA,NA,130,82,98,2,9,10,NA,19,NA,28,NA,NA,NA,NA,NA,NA,NA,210,NA,NA,NA,430,40,130,NA,40,10,NA,7,NA,NA,NA,26,NA,NA,NA,40,NA,90,NA,NA,NA,NA,NA,NA,NA,NA,NA,1,5690,440,17,NA,NA,NA,94,NA,NA,NA,NA,NA,NA,NA,NA,NA,NA,NA,NA,NA,12,NA,NA,16,NA,NA,NA,60,40,50,NA,NA,18,59,310,NA,NA,NA,2850,NA,NA,19200,NA,NA,NA,NA,NA,NA,NA,728,17,1036,728,NA,NA,NA,NA,NA,NA,70,10,NA,10,NA,NA,16,1,34,NA,NA,NA,25,10,NA,6,33,NA,NA,NA,6,30,NA,39,78,NA,NA,NA,2996,7
"24","DR JIM WELFORD",NA,NA,NA,NA,NA,NA,NA,NA,NA,NA,NA,NA,NA,NA,NA,NA,NA,NA,NA,NA,NA,NA,NA,NA,NA,NA,NA,NA,NA,NA,NA,NA,NA,NA,NA,NA,NA,NA,NA,NA,NA,NA,NA,NA,10,NA,NA,NA,NA,NA,NA,NA,NA,NA,NA,NA,NA,NA,NA,NA,NA,NA,NA,NA,NA,NA,NA,NA,NA,NA,NA,NA,NA,NA,NA,NA,NA,NA,NA,NA,NA,NA,NA,NA,NA,NA,NA,NA,NA,NA,NA,NA,NA,NA,NA,NA,NA,NA,NA,NA,NA,NA,NA,NA,NA,NA,NA,NA,NA,NA,NA,NA,NA,NA,NA,NA,NA,NA,NA,NA,NA,NA,NA,NA,NA,NA,NA,NA,NA,NA,NA,NA,NA,NA,NA,NA,NA,NA,NA,NA,NA,NA,NA,NA,NA,NA,NA,NA,NA,NA,NA,NA,NA,NA,NA,NA,NA,NA,NA,NA,NA,NA,NA,NA,NA,NA,NA,NA,NA,NA,NA,NA,NA,NA,NA,NA,NA,NA,NA,NA,NA,NA,NA,NA,NA,NA,NA,28,NA
"25","DR LOCAL CARE DIRECT OOH",NA,NA,NA,NA,NA,NA,NA,NA,NA,NA,NA,NA,NA,2,NA,NA,NA,140,NA,NA,NA,NA,NA,NA,NA,NA,NA,NA,NA,NA,2,NA,NA,NA,NA,NA,NA,NA,NA,NA,2,NA,NA,NA,300,120,10,150,20,NA,NA,NA,NA,NA,NA,NA,NA,NA,1,NA,NA,NA,NA,NA,NA,NA,NA,NA,NA,20,NA,NA,NA,10,NA,NA,NA,NA,NA,NA,NA,NA,NA,NA,NA,NA,NA,10,NA,NA,NA,NA,NA,NA,NA,NA,NA,NA,NA,NA,120,60,2,NA,NA,NA,1,NA,NA,NA,NA,150,NA,NA,NA,NA,NA,NA,NA,NA,NA,NA,1,1,NA,NA,NA,70,NA,NA,10,NA,1,2,20,NA,NA,NA,730,NA,NA,6780,NA,10,NA,NA,NA,NA,NA,56,NA,28,56,NA,NA,NA,NA,NA,NA,NA,NA,NA,NA,NA,NA,NA,NA,NA,NA,NA,NA,NA,4,10,NA,2,1,NA,NA,1,NA,NA,NA,1,NA,NA,NA,1288,1
"26","DR U AKBAR",NA,NA,NA,NA,NA,NA,NA,NA,NA,NA,NA,NA,NA,18,NA,NA,NA,NA,NA,NA,NA,NA,NA,40,NA,NA,NA,NA,NA,NA,11,NA,NA,NA,NA,18,NA,NA,NA,NA,NA,NA,NA,NA,2010,90,NA,750,NA,NA,NA,NA,18,NA,NA,3,NA,NA,1,NA,8,NA,NA,NA,NA,NA,NA,NA,NA,130,NA,NA,NA,NA,NA,NA,90,NA,NA,NA,NA,NA,NA,8,NA,NA,NA,NA,NA,NA,NA,NA,NA,NA,NA,NA,NA,NA,NA,NA,1600,460,2,NA,NA,NA,26,NA,NA,NA,NA,NA,NA,NA,NA,NA,NA,NA,NA,NA,NA,NA,NA,7,NA,NA,NA,NA,70,NA,130,40,4,44,50,20,NA,NA,640,NA,NA,6760,NA,NA,NA,NA,NA,NA,11,1596,9,2660,112,1,NA,NA,NA,NA,NA,70,NA,NA,NA,NA,12,10,2,16,NA,NA,NA,18,48,NA,17,10,6,NA,8,1,13,NA,NA,12,NA,NA,NA,4844,NA
"27","DYNELEY HOUSE SURGERY",NA,30,NA,NA,NA,NA,40,NA,NA,NA,NA,NA,NA,1126,NA,NA,NA,NA,NA,NA,NA,NA,NA,NA,NA,NA,NA,NA,NA,40,34,NA,NA,16,13,154,47,5,NA,5,60,3,50,NA,8520,870,190,1370,NA,NA,NA,38,264,256,9,NA,NA,NA,6,NA,28,16,392,1,NA,14,NA,NA,170,NA,NA,170,640,NA,90,10,230,NA,NA,2,14,NA,NA,21,NA,NA,NA,140,200,NA,NA,NA,NA,NA,NA,NA,NA,NA,NA,11,7900,3010,74,38,NA,1,153,NA,NA,NA,NA,150,NA,NA,NA,NA,NA,NA,NA,NA,1,NA,21,25,NA,NA,20,230,200,60,230,20,120,317,1470,10,NA,NA,1320,NA,NA,33230,NA,100,8,47,NA,NA,11,1120,28,1932,1708,30,NA,NA,2960,2710,NA,30,NA,NA,NA,2,35,NA,13,126,13,NA,NA,27,270,NA,63,318,82,NA,NA,27,91,12,454,224,NA,NA,NA,2688,24
"28","ECCLESHILL VILLAGE SURGERY",NA,24,NA,NA,NA,NA,NA,NA,NA,NA,NA,NA,NA,34,NA,NA,30,NA,NA,NA,NA,NA,NA,10,NA,NA,NA,NA,NA,7,NA,NA,NA,2,NA,206,2397,1,NA,NA,60,NA,NA,NA,1760,120,10,420,NA,NA,NA,NA,112,16,8,NA,1,NA,7,NA,2,NA,NA,NA,NA,NA,NA,NA,210,NA,NA,NA,120,50,NA,70,170,NA,13,NA,51,NA,NA,NA,NA,NA,NA,160,NA,10,NA,NA,NA,NA,NA,NA,NA,NA,NA,NA,2250,390,32,12,NA,NA,111,NA,NA,NA,NA,130,NA,NA,NA,NA,NA,NA,NA,NA,NA,NA,NA,1,2,NA,NA,170,40,NA,NA,NA,3,165,10,NA,NA,NA,490,NA,NA,6800,NA,NA,NA,14,NA,NA,NA,168,6,532,NA,22,NA,NA,NA,NA,NA,10,NA,NA,NA,NA,NA,13,5,42,NA,NA,NA,7,70,410,NA,17,46,NA,NA,104,80,NA,79,58,NA,NA,NA,15568,24
"29","EPCS WOMENS HEALTH - WESTBOURNE GREEN",NA,NA,NA,NA,NA,NA,NA,NA,NA,NA,NA,NA,NA,NA,NA,NA,NA,NA,NA,NA,NA,NA,NA,NA,NA,NA,NA,NA,NA,NA,NA,NA,NA,NA,NA,NA,NA,NA,NA,NA,NA,NA,NA,NA,10,NA,NA,NA,NA,NA,NA,NA,NA,NA,NA,NA,NA,NA,NA,NA,NA,NA,NA,NA,NA,NA,NA,NA,NA,NA,NA,NA,NA,NA,NA,NA,NA,NA,NA,NA,NA,NA,NA,NA,NA,NA,NA,NA,NA,NA,NA,NA,NA,NA,NA,NA,NA,NA,NA,NA,NA,NA,NA,NA,NA,NA,NA,NA,NA,NA,NA,NA,NA,NA,NA,NA,NA,NA,NA,NA,NA,NA,NA,NA,NA,NA,NA,NA,NA,NA,NA,NA,NA,NA,NA,NA,NA,NA,NA,NA,NA,50,NA,NA,NA,NA,NA,NA,NA,NA,NA,NA,NA,NA,NA,NA,NA,NA,NA,NA,NA,NA,NA,NA,NA,NA,NA,NA,NA,NA,NA,NA,NA,NA,NA,NA,NA,NA,NA,NA,NA,NA,NA,NA,NA,NA,NA,56,NA
"30","FARFIELD GROUP PRACTICE",NA,NA,NA,NA,3,NA,NA,NA,NA,NA,NA,NA,NA,956,NA,NA,NA,140,NA,NA,NA,NA,NA,NA,NA,NA,NA,NA,NA,2,13,NA,NA,4,1,118,NA,NA,NA,2,14,NA,NA,NA,5550,740,20,2090,NA,NA,80,70,680,112,NA,NA,NA,NA,41,NA,36,NA,NA,NA,NA,NA,NA,28,170,10,NA,40,530,NA,250,40,460,NA,6,2,58,6,6,17,7,NA,NA,120,250,30,NA,NA,NA,NA,NA,NA,NA,NA,NA,NA,13290,5610,144,72,NA,NA,461,NA,NA,NA,NA,500,10,NA,NA,NA,NA,NA,12,NA,NA,NA,NA,NA,NA,NA,90,1770,850,70,510,280,156,922,1600,150,NA,NA,8560,4,NA,29870,2,10,NA,55,NA,NA,4,784,24,896,3136,14,224,10,1240,1740,NA,110,10,NA,30,1,13,13,NA,215,7,NA,NA,25,145,130,21,156,119,NA,NA,103,191,NA,552,442,1,10,NA,85064,114
"31","FARROW MEDICAL CENTRE",NA,NA,NA,NA,NA,NA,NA,NA,NA,NA,NA,NA,NA,464,NA,NA,90,NA,NA,NA,NA,NA,NA,NA,NA,NA,NA,NA,NA,12,11,NA,NA,16,NA,104,NA,NA,NA,NA,14,10,NA,NA,6280,690,80,1970,NA,NA,NA,8,90,NA,NA,1,NA,NA,20,NA,9,NA,NA,NA,NA,NA,NA,NA,250,110,NA,60,410,310,60,110,180,70,5,81,29,13,NA,21,NA,NA,NA,1710,1210,370,NA,20,NA,NA,NA,NA,NA,NA,NA,NA,4420,750,46,31,NA,8,411,13,NA,NA,NA,170,NA,NA,NA,NA,NA,NA,NA,NA,NA,NA,17,10,NA,NA,10,490,610,NA,NA,310,175,449,260,NA,NA,NA,5180,NA,NA,29680,4,210,NA,2,NA,NA,NA,952,32,1120,924,3,392,3,NA,NA,NA,NA,NA,NA,10,18,10,NA,33,51,NA,NA,NA,12,71,80,66,33,34,NA,NA,50,177,1,363,96,NA,10,16,15736,145
"32","FISHER MEDICAL CENTRE",NA,NA,NA,NA,3,NA,40,NA,NA,NA,NA,50,10,234,NA,NA,NA,NA,NA,NA,NA,NA,NA,NA,NA,NA,NA,NA,NA,65,50,NA,NA,NA,NA,10,329,NA,NA,2,10,NA,130,90,8280,4360,10,2080,NA,20,NA,68,200,64,10,7,NA,NA,10,1,13,NA,168,9,NA,NA,NA,112,NA,40,NA,170,10,10,NA,NA,NA,290,NA,NA,1,NA,NA,NA,NA,NA,7,NA,220,20,NA,NA,NA,NA,NA,NA,NA,481,NA,NA,17540,1940,187,10,NA,NA,259,NA,NA,NA,NA,520,NA,NA,10,NA,NA,NA,NA,NA,NA,NA,45,171,31,NA,60,150,160,10,350,40,207,898,2290,60,NA,NA,1780,NA,NA,36800,9,10,NA,17,290,160,31,3892,50,5656,2100,43,NA,NA,970,520,NA,NA,NA,NA,NA,NA,28,3,37,107,12,NA,NA,10,306,NA,121,362,25,NA,NA,13,140,4,546,773,NA,NA,3,4060,23
"33","FRIZINGHALL MEDICAL CENTRE",NA,NA,NA,NA,NA,NA,100,NA,NA,NA,NA,NA,NA,130,NA,NA,NA,50,NA,NA,NA,NA,NA,NA,NA,NA,NA,NA,NA,78,3,NA,NA,4,2,14,658,NA,NA,1,NA,NA,NA,NA,1700,1210,NA,860,NA,NA,NA,NA,178,48,NA,NA,3,NA,NA,NA,12,NA,NA,NA,NA,NA,NA,NA,NA,10,NA,NA,NA,NA,NA,NA,NA,NA,NA,1,NA,NA,NA,NA,NA,NA,NA,260,190,NA,NA,NA,NA,NA,NA,NA,NA,NA,NA,NA,230,1150,17,NA,NA,NA,52,NA,NA,NA,NA,220,NA,70,NA,NA,NA,NA,NA,NA,NA,NA,1,7,3,NA,NA,50,110,20,NA,NA,14,34,210,NA,NA,NA,540,NA,NA,10760,NA,NA,NA,NA,NA,NA,6,588,19,896,224,NA,NA,NA,140,210,NA,280,90,NA,40,1,12,13,NA,100,4,NA,NA,9,66,1760,5,41,NA,NA,NA,NA,NA,NA,45,14,5,NA,NA,9016,12
"34","GPSI CARDIOLOGY - WESTCLIFFE",NA,NA,NA,NA,NA,NA,NA,NA,NA,NA,NA,NA,NA,NA,NA,NA,NA,NA,NA,NA,NA,NA,NA,NA,NA,NA,NA,NA,NA,NA,NA,NA,NA,NA,NA,NA,NA,NA,NA,NA,NA,NA,NA,NA,NA,NA,NA,NA,NA,NA,NA,NA,NA,NA,NA,NA,NA,NA,NA,NA,NA,NA,NA,NA,NA,NA,NA,NA,NA,NA,NA,NA,NA,NA,NA,NA,NA,NA,NA,NA,NA,NA,NA,NA,NA,NA,NA,NA,NA,NA,NA,NA,NA,NA,NA,NA,NA,NA,NA,NA,NA,NA,NA,NA,NA,NA,NA,NA,NA,NA,NA,NA,NA,NA,NA,NA,NA,NA,NA,NA,NA,NA,NA,NA,NA,NA,NA,NA,NA,NA,NA,NA,NA,NA,NA,NA,NA,NA,NA,NA,NA,10,NA,NA,NA,NA,NA,NA,NA,NA,NA,NA,NA,NA,NA,NA,NA,NA,NA,NA,NA,NA,NA,NA,NA,NA,NA,NA,NA,NA,NA,NA,NA,NA,NA,NA,NA,NA,NA,NA,NA,NA,NA,NA,NA,NA,NA,28,NA
"35","GRANGE MEDICAL CENTRE",NA,NA,NA,NA,NA,NA,NA,NA,NA,NA,NA,NA,NA,84,NA,NA,NA,140,NA,NA,NA,NA,NA,NA,NA,NA,NA,NA,NA,54,22,NA,NA,NA,NA,NA,94,NA,NA,27,20,NA,NA,NA,11790,540,10,3360,NA,NA,NA,28,472,242,47,35,17,NA,305,71,2,16,NA,NA,NA,NA,NA,NA,NA,140,NA,NA,NA,370,70,20,40,NA,NA,17,13,NA,NA,NA,NA,NA,NA,570,620,280,10,10,NA,NA,NA,NA,NA,NA,NA,4,2000,1160,15,12,NA,NA,47,NA,NA,NA,NA,110,NA,NA,NA,NA,NA,NA,NA,NA,27,NA,NA,6,NA,NA,170,100,290,30,90,10,82,230,1570,4660,NA,NA,540,NA,NA,8410,1,10,NA,14,600,1160,21,896,45,1988,1484,15,NA,NA,140,NA,NA,50,NA,NA,NA,NA,NA,NA,1,34,NA,NA,NA,38,152,350,49,83,77,NA,NA,14,54,NA,3,NA,NA,NA,NA,48888,23
"36","GRANGE PARK SURGERY",NA,NA,3,NA,NA,30,NA,NA,NA,NA,NA,NA,NA,316,NA,NA,NA,NA,NA,NA,NA,NA,NA,20,NA,NA,40,NA,NA,64,4,NA,NA,88,NA,26,47,NA,NA,NA,26,NA,NA,NA,2630,390,10,740,NA,NA,NA,28,56,28,5,3,1,NA,21,NA,6,1,NA,5,56,NA,6,252,90,NA,NA,50,60,NA,70,NA,130,20,NA,8,NA,2,NA,3,NA,NA,NA,200,NA,NA,NA,NA,NA,NA,NA,NA,NA,NA,NA,NA,1890,730,33,NA,NA,NA,72,NA,NA,NA,NA,210,NA,10,NA,NA,NA,20,NA,NA,NA,NA,2,11,NA,NA,60,510,10,10,610,80,48,130,200,10,NA,NA,700,NA,NA,8560,NA,80,NA,14,NA,40,12,1176,9,1036,308,16,224,4,1280,860,NA,20,NA,NA,40,NA,3,6,2,45,NA,NA,NA,24,84,60,16,38,27,NA,NA,26,42,1,66,32,1,NA,NA,14112,26
"37","HAIGH HALL MEDICAL PRACTICE",NA,NA,NA,NA,NA,NA,NA,NA,NA,NA,NA,NA,NA,408,NA,NA,NA,50,NA,NA,NA,NA,NA,NA,NA,NA,NA,NA,NA,NA,108,NA,NA,NA,NA,NA,517,NA,NA,NA,6,14,NA,NA,3050,1820,190,620,NA,NA,NA,58,200,228,NA,NA,NA,NA,6,NA,41,NA,NA,4,NA,NA,NA,NA,150,50,NA,90,NA,230,50,NA,40,NA,NA,NA,13,NA,NA,NA,NA,NA,NA,80,30,130,60,NA,2,NA,NA,NA,NA,37,NA,NA,4400,800,42,27,NA,NA,549,NA,NA,NA,NA,180,NA,60,NA,NA,NA,NA,NA,NA,11,NA,2,36,32,NA,NA,170,10,60,130,20,73,287,510,80,NA,NA,800,NA,NA,10970,NA,150,NA,27,NA,NA,15,560,NA,896,980,20,NA,2,190,190,NA,40,10,NA,NA,NA,13,NA,3,61,14,NA,NA,8,50,200,31,38,15,NA,NA,3,108,NA,180,181,18,NA,NA,28140,58
"38","HAWORTH MEDICAL PRACTICE",24,50,NA,NA,NA,NA,260,NA,NA,140,NA,NA,NA,410,NA,NA,NA,NA,NA,NA,NA,NA,NA,NA,NA,NA,NA,NA,NA,51,5,NA,NA,30,5,108,NA,NA,NA,9,14,5,NA,NA,2970,520,NA,1610,140,NA,140,34,114,84,NA,NA,NA,NA,23,NA,31,8,NA,NA,NA,NA,NA,56,510,NA,NA,120,800,130,90,NA,1000,130,12,35,52,7,NA,38,NA,NA,NA,160,10,NA,NA,NA,NA,NA,4,NA,NA,NA,NA,NA,10010,1090,45,18,5,13,363,NA,NA,NA,NA,560,NA,20,60,NA,NA,NA,NA,NA,NA,NA,NA,6,NA,NA,30,2200,150,190,1960,120,148,378,2230,50,NA,NA,1340,NA,NA,29590,NA,400,6,19,NA,NA,3,1988,11,1204,2520,27,NA,NA,1630,1490,NA,20,NA,NA,20,NA,1,1,14,67,NA,NA,NA,2,112,80,35,47,71,NA,NA,17,199,4,359,50,NA,NA,NA,17080,98
"39","HOLLYNS HEALTH & WELLBEING - CLAYTON",NA,26,NA,NA,NA,NA,320,NA,NA,NA,NA,NA,NA,1092,NA,NA,NA,10,NA,NA,NA,NA,NA,NA,NA,NA,NA,NA,NA,NA,29,NA,NA,16,5,18,1269,NA,2,NA,10,NA,NA,NA,9600,1410,360,3020,NA,NA,NA,246,220,106,NA,11,2,NA,12,6,65,4,56,17,NA,NA,NA,NA,340,290,NA,10,240,330,160,190,40,NA,14,190,17,1,11,NA,NA,NA,NA,720,520,10,NA,NA,NA,NA,NA,NA,NA,37,NA,NA,9670,5410,94,28,NA,NA,644,NA,13,NA,NA,510,NA,NA,NA,NA,NA,NA,NA,NA,NA,NA,29,43,4,NA,100,220,310,10,130,130,231,657,890,190,NA,1,1320,NA,NA,24920,3,390,NA,NA,NA,NA,52,5656,98,7000,4536,75,168,NA,NA,120,NA,70,10,NA,NA,NA,16,2,87,155,NA,NA,NA,50,135,200,41,130,23,NA,10,65,130,NA,1052,777,4,NA,12,58940,88
"40","HOLYCROFT SURGERY",NA,28,NA,NA,NA,27,NA,NA,10,NA,NA,NA,NA,536,NA,NA,NA,NA,20,NA,NA,NA,NA,NA,NA,NA,NA,NA,NA,39,58,NA,NA,8,7,188,611,NA,NA,19,226,8,NA,NA,5210,1270,100,1510,NA,NA,NA,64,84,100,2,NA,NA,NA,15,NA,100,NA,NA,NA,168,NA,NA,28,60,250,NA,190,30,80,130,10,130,50,28,3,86,9,6,29,8,NA,NA,270,900,NA,NA,NA,NA,NA,NA,NA,10,37,NA,NA,7830,3600,224,141,NA,15,383,NA,NA,NA,NA,360,NA,NA,NA,NA,NA,NA,11,NA,29,NA,2,7,3,NA,60,3060,300,60,1170,220,173,439,490,320,NA,NA,5820,3,NA,36560,NA,200,9,215,NA,NA,2,1176,69,980,2744,55,NA,NA,500,1220,NA,70,10,10,30,7,30,NA,20,96,NA,2,NA,22,88,70,154,195,148,NA,NA,171,141,3,89,289,NA,1,9,42784,76
"41","HORTON BANK PRACTICE",NA,NA,NA,NA,NA,48,NA,NA,NA,NA,NA,NA,NA,322,NA,NA,NA,20,NA,NA,NA,NA,NA,NA,NA,NA,NA,NA,NA,NA,31,NA,NA,46,NA,214,NA,NA,NA,NA,26,NA,NA,NA,4000,1240,120,1080,20,NA,NA,28,28,8,NA,NA,3,NA,15,NA,23,3,NA,NA,NA,NA,NA,NA,130,240,NA,NA,110,70,NA,NA,90,30,NA,48,8,3,NA,31,8,NA,NA,1100,750,NA,NA,NA,4,NA,NA,NA,NA,NA,NA,NA,3630,1760,1,NA,NA,NA,229,NA,NA,NA,NA,60,NA,10,NA,NA,NA,NA,NA,NA,4,NA,2,12,14,NA,NA,140,100,40,200,NA,48,236,930,330,NA,NA,1010,NA,20,20490,2,270,NA,43,NA,NA,15,2828,29,728,700,58,NA,NA,90,NA,NA,70,10,NA,NA,NA,NA,4,18,106,3,NA,NA,38,345,190,56,85,36,NA,NA,158,182,1,113,70,9,13,29,27860,57
"42","HORTON PARK MEDICAL PRACTICE",NA,NA,NA,30,NA,NA,160,NA,NA,NA,NA,NA,NA,272,NA,NA,NA,80,NA,NA,NA,NA,NA,NA,NA,NA,NA,NA,NA,39,17,NA,NA,54,5,98,47,NA,1,2,6,NA,NA,NA,7480,710,330,2830,NA,NA,NA,NA,114,86,5,9,NA,NA,42,14,13,NA,84,13,NA,NA,NA,140,1290,240,NA,230,1090,100,NA,340,290,NA,23,74,2,21,NA,23,NA,NA,NA,390,360,160,NA,60,10,NA,NA,NA,NA,222,NA,NA,5580,940,25,21,NA,NA,480,NA,NA,NA,NA,160,NA,10,NA,NA,NA,NA,NA,NA,NA,NA,8,16,NA,NA,60,100,140,50,180,150,163,518,560,90,NA,NA,2250,NA,NA,36260,NA,280,13,53,NA,NA,52,3080,77,6944,2492,46,NA,11,NA,NA,NA,60,NA,10,60,NA,NA,1,20,179,NA,NA,NA,1,169,20,23,117,46,NA,NA,14,397,NA,58,92,7,NA,17,13748,71
"43","I G MEDICAL",NA,NA,NA,NA,NA,NA,60,NA,NA,20,160,100,10,454,NA,NA,NA,10,NA,NA,NA,NA,NA,20,NA,NA,10,NA,NA,221,38,NA,NA,46,4,176,NA,1,NA,14,92,NA,NA,NA,8900,1950,140,1820,NA,NA,NA,8,158,182,1,8,4,NA,22,4,27,17,728,25,NA,NA,37,112,350,60,NA,10,420,240,140,20,680,180,17,16,51,55,NA,76,NA,NA,NA,240,330,90,NA,NA,2,NA,NA,NA,NA,148,NA,NA,10640,2350,73,4,NA,26,313,NA,NA,NA,NA,240,NA,10,NA,NA,NA,NA,11,NA,6,NA,14,21,7,NA,360,2540,230,120,1610,140,130,833,340,400,NA,NA,2550,NA,NA,31850,92,830,13,16,30,NA,39,1848,39,2660,1904,46,504,9,2120,2720,NA,10,NA,NA,NA,NA,21,11,9,101,2,10,NA,43,230,90,62,96,68,NA,NA,35,148,NA,306,150,NA,NA,NA,30016,115
"44","IDLE MEDICAL CENTRE",NA,28,NA,18,9,NA,360,NA,NA,NA,140,NA,NA,346,NA,NA,NA,NA,NA,NA,NA,NA,NA,NA,NA,NA,NA,NA,NA,1,1,NA,NA,52,2,14,94,NA,NA,21,2,6,NA,NA,5510,1530,200,1670,NA,NA,NA,NA,266,62,NA,NA,NA,NA,NA,NA,4,NA,NA,NA,NA,NA,NA,28,830,290,20,40,700,240,90,10,200,150,5,38,24,44,3,58,NA,NA,4,2180,910,70,NA,NA,NA,NA,NA,NA,NA,148,NA,NA,2190,500,7,3,NA,NA,368,2,NA,NA,NA,360,NA,80,50,NA,NA,NA,NA,NA,5,NA,7,4,1,NA,110,710,190,10,80,60,79,227,470,10,NA,NA,1150,NA,NA,23180,NA,670,NA,18,NA,NA,9,3724,66,2884,868,16,28,NA,580,460,NA,10,10,NA,NA,NA,18,NA,11,133,4,NA,NA,29,73,80,39,72,27,NA,NA,45,31,NA,220,55,23,29,32,51492,62
"45","ILKLEY & WHARFEDALE MEDICAL PRACTICE",NA,NA,NA,NA,NA,NA,NA,NA,NA,140,NA,NA,NA,38,NA,NA,NA,NA,10,NA,NA,NA,NA,NA,NA,NA,10,NA,NA,NA,1,NA,NA,12,NA,66,NA,3,NA,7,20,NA,NA,NA,1820,670,10,420,NA,NA,NA,18,22,NA,NA,NA,1,NA,14,NA,NA,2,NA,1,NA,NA,NA,NA,140,NA,NA,90,270,NA,70,NA,20,10,14,11,4,2,7,18,1,NA,NA,NA,70,NA,NA,NA,NA,1,NA,NA,NA,NA,NA,NA,1730,310,19,3,NA,NA,56,NA,NA,NA,NA,150,NA,10,NA,NA,NA,NA,NA,NA,1,NA,NA,7,NA,NA,NA,110,180,NA,50,60,115,397,210,10,NA,NA,1390,NA,NA,6060,14,NA,9,NA,NA,NA,1,196,9,980,364,19,NA,NA,160,350,NA,NA,NA,NA,NA,NA,NA,NA,10,34,NA,NA,NA,2,41,120,39,23,NA,NA,NA,1,28,NA,100,14,NA,NA,NA,7000,11
"46","KENSINGTON PARTNERSHIP",36,68,NA,NA,NA,48,280,20,NA,NA,NA,NA,NA,1216,NA,NA,40,1100,NA,NA,NA,NA,NA,NA,NA,NA,NA,NA,NA,122,29,NA,NA,34,7,74,517,NA,NA,NA,NA,NA,NA,NA,15350,2220,310,5720,480,NA,NA,154,320,34,1,28,9,6,20,26,65,1,112,5,168,NA,NA,28,150,280,NA,20,220,990,80,NA,60,130,12,127,5,2,NA,4,NA,NA,NA,1580,800,590,20,NA,16,NA,NA,NA,NA,NA,NA,NA,8370,3090,349,159,NA,NA,564,NA,NA,NA,NA,1660,NA,NA,NA,NA,NA,NA,NA,NA,2,NA,3,9,NA,NA,130,370,290,NA,120,50,235,1255,3440,110,NA,NA,1590,NA,NA,17070,12,NA,NA,33,NA,NA,72,9464,100,13132,7700,182,NA,NA,150,140,130,410,70,NA,40,NA,21,26,40,262,8,NA,NA,57,392,1130,35,80,78,NA,12,186,101,NA,655,399,26,5,24,182924,61
"47","KILMENY GROUP MEDICAL PRACTICE",NA,NA,NA,NA,NA,NA,20,NA,NA,NA,NA,NA,NA,492,NA,NA,NA,10,NA,NA,NA,NA,NA,NA,NA,NA,NA,NA,NA,218,28,NA,NA,12,3,62,NA,NA,NA,2,8,NA,NA,NA,7980,680,20,2960,NA,NA,NA,32,680,282,NA,NA,3,NA,35,NA,81,7,28,2,NA,NA,NA,NA,250,NA,NA,50,60,150,160,10,110,NA,NA,18,7,1,1,NA,2,NA,2,60,150,60,NA,NA,NA,NA,NA,NA,NA,NA,NA,NA,10720,1790,278,19,NA,NA,655,NA,NA,NA,NA,260,NA,10,NA,NA,NA,NA,21,6,NA,NA,2,4,13,NA,90,460,350,NA,560,90,125,802,2170,320,NA,NA,3610,NA,NA,21440,18,150,NA,95,NA,NA,20,1988,24,2072,2212,28,448,NA,2270,2940,NA,430,NA,NA,130,3,66,34,56,130,1,NA,NA,30,121,20,59,93,1,NA,11,37,147,NA,109,118,60,14,NA,84056,42
"48","LEYLANDS LANE MEDICAL PRACTICE",NA,10,NA,NA,15,NA,160,NA,NA,NA,NA,NA,NA,448,NA,NA,NA,140,NA,NA,NA,NA,NA,10,NA,NA,NA,NA,NA,34,25,NA,NA,84,NA,186,1269,NA,NA,9,100,NA,50,NA,12040,1850,230,5190,NA,60,100,22,254,82,3,12,3,NA,8,12,30,12,308,NA,28,NA,NA,NA,750,1870,NA,70,250,1550,NA,130,530,10,52,92,28,7,NA,23,NA,NA,NA,230,670,90,NA,NA,10,NA,NA,6,NA,NA,NA,1,7860,2400,53,57,NA,2,385,NA,NA,1,NA,120,NA,10,NA,NA,NA,50,NA,NA,13,NA,4,26,9,NA,80,1980,390,40,500,140,225,510,940,90,NA,NA,2670,NA,NA,41780,NA,210,NA,59,350,70,53,6020,148,4172,2156,146,NA,NA,100,70,NA,NA,20,NA,NA,NA,NA,24,42,146,1,NA,NA,50,385,270,99,172,242,NA,NA,58,102,10,144,35,NA,5,20,58660,46
"49","LING HOUSE MEDICAL CENTRE",NA,NA,NA,NA,NA,NA,860,NA,NA,NA,NA,NA,NA,1152,NA,NA,NA,30,10,NA,NA,NA,NA,NA,NA,2,10,20,50,13,13,NA,NA,24,NA,NA,NA,NA,NA,NA,NA,NA,NA,NA,3720,470,90,1300,NA,NA,NA,72,204,46,11,4,NA,NA,27,NA,35,NA,NA,NA,NA,NA,NA,28,30,NA,NA,NA,110,NA,NA,NA,NA,100,4,13,6,NA,NA,NA,NA,NA,1,200,40,140,NA,NA,NA,NA,NA,NA,NA,NA,NA,NA,8780,1990,311,120,NA,NA,355,NA,NA,NA,NA,140,NA,NA,NA,NA,NA,NA,NA,NA,NA,NA,4,8,NA,NA,250,1270,1060,NA,180,80,157,1162,2760,NA,NA,NA,10390,NA,NA,32600,NA,20,6,NA,NA,NA,108,1344,55,84,10500,15,84,3,1210,460,NA,120,NA,NA,30,NA,32,53,31,174,NA,NA,NA,8,72,NA,42,93,74,NA,7,6,1,3,373,294,NA,NA,NA,25424,38
"50","LITTLE HORTON LANE MEDICAL CENTRE - RAJA",NA,20,NA,NA,33,NA,NA,NA,NA,NA,NA,NA,NA,138,NA,NA,NA,NA,NA,NA,NA,NA,NA,NA,NA,NA,NA,NA,NA,10,NA,7,NA,NA,NA,NA,NA,NA,NA,6,NA,NA,NA,NA,2450,430,270,1040,NA,NA,NA,NA,82,170,NA,NA,4,NA,29,NA,3,NA,NA,NA,NA,NA,NA,NA,320,10,NA,NA,440,NA,NA,70,60,NA,NA,9,6,18,NA,11,NA,NA,NA,210,120,70,NA,NA,2,NA,NA,NA,NA,37,NA,NA,840,150,10,7,NA,NA,14,NA,28,NA,NA,70,NA,NA,NA,NA,NA,NA,NA,NA,NA,NA,2,7,7,NA,40,500,170,20,30,10,16,29,370,40,NA,NA,570,NA,NA,4650,NA,NA,NA,NA,NA,60,NA,504,4,1512,336,36,NA,NA,NA,50,NA,40,NA,NA,30,NA,NA,7,3,56,NA,NA,NA,1,38,NA,49,49,NA,NA,NA,28,15,NA,17,17,NA,NA,NA,21448,22
"51","LOW MOOR SURGERY",NA,4,NA,6,3,9,NA,NA,NA,NA,NA,NA,NA,906,NA,NA,NA,50,NA,NA,NA,NA,NA,NA,NA,NA,NA,NA,NA,2,3,NA,NA,12,NA,22,141,2,NA,5,NA,NA,NA,NA,7150,1460,230,1240,NA,NA,NA,108,94,NA,17,17,96,NA,304,14,50,NA,NA,NA,NA,NA,NA,28,580,200,NA,130,80,80,50,360,130,90,NA,25,27,NA,8,21,NA,NA,NA,2620,90,1270,550,810,29,NA,36,NA,NA,37,NA,NA,5100,1730,95,19,NA,NA,523,9,NA,NA,NA,540,NA,NA,NA,NA,NA,NA,NA,NA,NA,NA,2,4,NA,NA,NA,250,120,NA,120,70,83,634,1010,40,NA,NA,1040,NA,NA,30400,9,120,NA,25,NA,NA,16,2380,32,3164,2828,44,196,NA,40,NA,NA,NA,10,NA,NA,9,89,NA,9,115,13,NA,NA,26,104,80,2,86,71,NA,3,22,66,NA,419,268,13,NA,5,14476,40
"52","MANOR MEDICAL PRACTICE",NA,NA,NA,504,822,36,240,NA,NA,NA,NA,NA,NA,462,NA,NA,NA,120,NA,NA,40,NA,NA,10,NA,1,50,NA,NA,17,7,NA,NA,2,NA,36,423,NA,NA,12,82,NA,NA,NA,6720,1580,220,1370,NA,NA,NA,16,72,4,2,NA,NA,NA,17,NA,46,11,NA,NA,NA,NA,NA,NA,80,90,NA,80,50,90,100,NA,570,100,50,144,42,51,6,68,NA,NA,NA,NA,40,NA,NA,NA,NA,NA,NA,NA,NA,NA,NA,5,3120,1910,63,9,NA,NA,470,NA,NA,NA,NA,390,NA,NA,NA,NA,NA,NA,NA,NA,NA,NA,4,NA,NA,NA,190,90,NA,NA,20,10,162,552,840,NA,NA,NA,3690,1,NA,29090,7,370,NA,NA,NA,NA,36,2828,67,2968,1512,32,140,NA,140,NA,NA,10,NA,NA,NA,NA,23,2,30,45,3,NA,NA,3,86,310,11,57,86,NA,35,66,81,NA,190,48,3,12,30,35840,66
"53","MODALITY AWC EXTENDED ACCESS",NA,NA,NA,NA,NA,NA,NA,NA,NA,NA,NA,NA,NA,NA,NA,NA,NA,NA,NA,NA,NA,NA,NA,NA,NA,NA,NA,NA,NA,NA,NA,NA,NA,NA,NA,NA,NA,NA,NA,NA,NA,NA,NA,NA,80,10,NA,NA,NA,NA,NA,NA,NA,NA,NA,NA,NA,NA,NA,NA,NA,NA,NA,NA,NA,NA,NA,NA,NA,NA,NA,NA,NA,NA,NA,NA,NA,NA,NA,NA,NA,NA,NA,NA,NA,NA,NA,NA,NA,NA,NA,NA,NA,NA,NA,NA,NA,NA,NA,NA,10,10,NA,NA,NA,NA,NA,NA,NA,NA,NA,NA,NA,NA,NA,NA,NA,NA,NA,NA,NA,NA,NA,NA,NA,NA,NA,NA,NA,NA,NA,NA,NA,NA,NA,NA,NA,NA,10,NA,NA,210,NA,NA,NA,NA,NA,NA,NA,NA,NA,NA,NA,NA,NA,NA,NA,NA,NA,NA,NA,NA,NA,NA,NA,NA,NA,NA,NA,NA,NA,NA,NA,NA,NA,NA,NA,NA,NA,NA,NA,NA,NA,NA,NA,NA,NA,56,NA
"54","MOOR PARK MEDICAL PRACTICE",NA,NA,NA,NA,NA,NA,NA,NA,NA,NA,NA,NA,NA,24,NA,NA,NA,NA,NA,NA,NA,NA,NA,NA,NA,NA,NA,NA,NA,NA,17,NA,NA,10,NA,NA,NA,NA,NA,2,NA,NA,NA,NA,2140,420,30,1280,NA,NA,NA,2,58,18,NA,NA,NA,NA,NA,NA,41,NA,NA,NA,NA,NA,NA,NA,350,230,NA,20,NA,480,NA,130,30,40,NA,NA,NA,25,NA,NA,NA,NA,NA,260,510,120,NA,NA,NA,NA,NA,NA,NA,NA,NA,NA,2550,530,6,NA,NA,NA,85,NA,NA,NA,NA,50,NA,NA,NA,NA,NA,NA,NA,NA,NA,NA,6,11,NA,NA,NA,490,30,60,140,NA,37,69,190,NA,NA,NA,NA,NA,NA,6450,NA,NA,NA,NA,NA,NA,6,840,5,1316,756,30,NA,NA,NA,NA,NA,20,NA,NA,NA,NA,2,1,NA,38,NA,NA,NA,NA,5,150,NA,32,NA,NA,NA,1,15,NA,6,1,NA,NA,NA,19628,24
"55","MOORSIDE SURGERY",NA,36,NA,NA,NA,NA,60,NA,NA,NA,NA,NA,NA,1106,NA,NA,NA,40,NA,NA,10,NA,NA,NA,NA,NA,NA,NA,NA,NA,6,NA,NA,24,NA,8,611,NA,NA,1,26,NA,NA,NA,5770,880,110,1450,NA,NA,20,90,28,14,2,1,3,NA,69,2,66,NA,NA,NA,NA,NA,NA,NA,210,90,NA,70,130,210,40,NA,30,60,NA,37,NA,NA,NA,1,NA,NA,NA,660,1020,30,10,120,NA,NA,NA,NA,NA,NA,NA,NA,4730,1070,120,46,NA,NA,332,NA,NA,NA,NA,20,NA,30,10,NA,NA,NA,NA,NA,NA,NA,NA,13,NA,NA,90,250,190,NA,170,140,76,670,1260,NA,NA,NA,2720,NA,NA,18590,NA,130,NA,4,NA,NA,7,1568,29,2324,2100,46,NA,NA,NA,NA,NA,120,NA,NA,40,1,95,NA,19,139,3,9,NA,23,98,230,54,47,65,NA,NA,7,29,NA,412,370,NA,NA,10,43876,37
"56","NORTH STREET MEDICAL PRACTICE",NA,NA,NA,NA,NA,NA,NA,NA,NA,NA,NA,NA,NA,114,NA,NA,NA,10,NA,NA,NA,NA,NA,NA,NA,NA,NA,NA,NA,12,14,NA,NA,NA,NA,NA,NA,NA,NA,NA,NA,NA,NA,NA,5150,260,70,3890,NA,NA,NA,18,12,NA,16,5,2,NA,66,7,NA,NA,NA,NA,NA,NA,NA,NA,NA,NA,NA,NA,80,NA,50,NA,40,180,NA,NA,16,NA,NA,NA,NA,NA,NA,120,NA,370,NA,NA,8,NA,NA,NA,NA,NA,NA,NA,3410,750,85,40,NA,NA,42,NA,NA,NA,NA,160,NA,10,NA,NA,NA,NA,NA,NA,NA,NA,20,11,2,NA,NA,500,170,NA,110,10,97,288,90,140,NA,NA,540,NA,NA,15280,NA,30,NA,NA,NA,NA,3,1232,1,448,1904,25,NA,NA,360,390,NA,10,NA,NA,NA,NA,8,NA,NA,35,6,NA,NA,12,27,NA,12,72,13,NA,NA,NA,8,NA,39,27,NA,NA,NA,6216,18
"57","OAK GLEN SURGERY",NA,NA,NA,NA,NA,NA,NA,NA,NA,NA,NA,NA,NA,130,NA,NA,NA,NA,NA,NA,NA,NA,NA,NA,NA,NA,NA,NA,NA,23,19,NA,NA,10,NA,32,188,NA,NA,NA,NA,NA,NA,NA,1840,270,NA,270,NA,NA,NA,NA,48,NA,NA,3,NA,NA,1,NA,NA,3,NA,NA,NA,NA,NA,NA,40,NA,NA,NA,70,NA,NA,NA,80,NA,NA,20,11,15,NA,8,NA,NA,NA,10,NA,NA,NA,NA,NA,NA,NA,NA,NA,NA,NA,4,2070,680,113,41,NA,13,115,NA,NA,NA,NA,10,NA,NA,NA,NA,NA,NA,NA,NA,NA,NA,NA,NA,NA,NA,NA,320,40,20,90,10,27,124,600,NA,NA,NA,420,NA,10,10320,NA,180,NA,NA,NA,NA,35,1456,36,2520,448,41,84,NA,NA,120,NA,60,20,NA,10,6,13,1,32,35,NA,NA,NA,10,53,10,45,18,26,NA,NA,18,57,NA,43,33,NA,NA,NA,2744,69
"58","OAKWORTH MEDICAL PRACTICE",NA,12,NA,NA,NA,NA,40,NA,NA,NA,NA,NA,NA,204,NA,NA,NA,NA,NA,NA,70,NA,NA,NA,NA,NA,NA,NA,NA,53,6,NA,NA,22,NA,10,NA,NA,NA,6,6,1,NA,NA,1720,90,10,400,NA,NA,NA,NA,108,40,NA,NA,4,NA,21,NA,44,NA,NA,NA,NA,NA,NA,140,60,NA,NA,50,70,NA,10,NA,60,NA,NA,NA,6,6,NA,3,NA,NA,NA,NA,NA,NA,NA,NA,NA,NA,NA,NA,NA,444,NA,NA,2930,470,37,8,NA,NA,176,NA,NA,NA,NA,10,NA,NA,NA,NA,NA,NA,NA,NA,NA,NA,NA,11,6,NA,30,300,40,30,320,110,3,119,110,170,NA,NA,570,NA,NA,3400,NA,60,NA,5,NA,NA,7,84,10,112,196,6,224,NA,350,710,NA,50,NA,NA,NA,NA,NA,NA,6,43,3,NA,NA,5,33,NA,6,23,NA,NA,NA,25,29,NA,4,3,NA,NA,NA,16604,1
"59","PARK GRANGE MEDICAL CENTRE",NA,NA,NA,NA,NA,NA,NA,NA,NA,NA,NA,NA,NA,18,NA,NA,NA,NA,NA,NA,NA,NA,NA,50,NA,NA,NA,NA,NA,NA,29,NA,NA,NA,NA,NA,376,NA,NA,NA,NA,NA,NA,NA,5180,230,890,2070,NA,NA,NA,46,8,22,NA,NA,NA,NA,NA,NA,NA,NA,NA,NA,NA,NA,NA,NA,70,140,NA,NA,240,NA,NA,NA,240,80,NA,13,NA,5,NA,11,NA,NA,NA,350,NA,730,NA,NA,NA,NA,NA,NA,NA,NA,NA,NA,1330,160,7,NA,NA,NA,14,NA,NA,NA,NA,NA,NA,NA,NA,NA,NA,NA,NA,NA,NA,NA,1,NA,11,NA,40,10,NA,NA,20,NA,3,22,NA,90,NA,NA,40,NA,NA,2660,NA,NA,NA,NA,NA,NA,17,364,19,1652,1820,6,NA,NA,NA,NA,NA,250,100,70,90,NA,2,NA,NA,86,NA,NA,NA,NA,47,70,17,6,NA,NA,NA,13,14,NA,NA,NA,NA,NA,NA,44604,NA
"60","PARKLANDS MEDICAL PRACTICE",NA,26,NA,NA,NA,NA,260,NA,NA,NA,NA,NA,NA,868,NA,NA,NA,10,NA,NA,NA,NA,NA,NA,NA,NA,NA,NA,NA,31,24,NA,NA,NA,5,10,705,NA,NA,18,NA,NA,NA,NA,8240,2330,840,2620,NA,NA,NA,120,632,132,NA,5,16,NA,24,12,83,12,NA,12,NA,NA,NA,NA,370,1180,NA,420,320,960,100,NA,250,130,9,2,34,22,7,6,NA,NA,NA,1000,1710,230,NA,NA,1,NA,NA,NA,NA,222,NA,NA,6350,4220,33,48,NA,12,1105,NA,NA,NA,NA,630,NA,30,30,NA,NA,NA,8,NA,NA,8,8,73,10,1,40,170,50,30,70,90,110,715,670,30,NA,NA,630,NA,NA,30520,6,970,NA,60,NA,NA,23,532,40,3556,588,11,224,5,180,390,30,40,NA,NA,50,2,32,14,15,89,19,NA,NA,64,238,270,10,413,85,NA,NA,17,92,NA,77,133,9,NA,2,62944,75
"61","PEEL PARK SURGERY",NA,8,NA,33,NA,NA,NA,NA,NA,NA,NA,NA,NA,112,NA,NA,NA,NA,NA,NA,NA,NA,NA,NA,NA,NA,NA,NA,NA,13,7,NA,NA,NA,NA,NA,NA,NA,NA,NA,NA,NA,NA,NA,1530,560,170,890,NA,NA,NA,142,150,74,NA,NA,NA,NA,13,NA,13,NA,NA,NA,NA,NA,NA,NA,NA,NA,NA,NA,90,60,NA,NA,20,NA,NA,NA,NA,NA,NA,1,NA,NA,NA,160,290,NA,NA,NA,3,NA,NA,NA,NA,NA,NA,NA,1790,70,58,44,NA,NA,57,NA,NA,NA,NA,10,NA,NA,NA,NA,NA,NA,NA,NA,NA,NA,NA,NA,NA,NA,NA,NA,30,NA,10,NA,8,166,60,NA,NA,NA,600,NA,NA,7040,NA,NA,NA,NA,NA,NA,11,700,NA,84,336,19,NA,NA,NA,NA,NA,NA,NA,NA,NA,2,14,11,4,71,NA,NA,NA,7,3,800,13,NA,8,NA,NA,NA,38,NA,53,56,NA,NA,NA,6580,20
"62","PICTON MEDICAL CENTRE",NA,2,NA,9,NA,NA,200,20,NA,NA,NA,NA,NA,96,NA,NA,NA,NA,10,NA,NA,NA,NA,NA,NA,NA,NA,NA,NA,3,28,NA,NA,6,NA,NA,NA,NA,NA,NA,NA,NA,NA,NA,6560,450,40,3990,300,100,120,32,220,80,2,3,NA,NA,11,10,22,NA,28,NA,NA,NA,NA,NA,NA,250,NA,NA,NA,210,NA,NA,80,50,NA,NA,NA,6,NA,NA,6,NA,NA,620,850,140,NA,NA,NA,NA,NA,NA,NA,NA,NA,NA,3650,1760,39,18,NA,NA,82,NA,NA,NA,NA,140,NA,30,NA,NA,NA,NA,NA,NA,NA,NA,2,9,NA,NA,150,580,230,30,90,50,137,112,510,110,NA,NA,1870,NA,NA,31210,NA,NA,11,1,NA,NA,8,2632,9,1512,3192,5,NA,NA,620,840,NA,480,NA,NA,310,NA,NA,NA,NA,58,162,NA,NA,21,77,170,12,66,10,NA,NA,6,13,9,48,116,NA,7,4,6300,20
"63","PRIMROSE SURGERY",NA,26,NA,NA,NA,NA,200,NA,NA,NA,NA,NA,NA,20,NA,NA,NA,10,NA,NA,NA,NA,NA,NA,NA,NA,NA,NA,NA,15,26,NA,NA,48,NA,108,564,NA,NA,NA,24,NA,NA,NA,4250,990,NA,1620,NA,NA,NA,20,NA,NA,NA,NA,NA,NA,1,NA,NA,NA,NA,NA,NA,NA,NA,NA,110,1350,NA,NA,130,1180,NA,90,50,NA,30,9,51,NA,NA,81,NA,NA,NA,140,580,NA,20,NA,NA,NA,NA,NA,NA,NA,NA,NA,1730,2740,9,13,NA,NA,17,14,NA,NA,NA,40,NA,NA,NA,NA,NA,NA,NA,NA,NA,NA,3,8,NA,NA,40,170,240,NA,NA,30,69,2,1260,60,NA,NA,710,NA,NA,17180,NA,NA,NA,NA,NA,NA,2,924,13,1372,NA,30,NA,NA,NA,NA,NA,10,NA,NA,NA,NA,NA,1,21,27,NA,NA,NA,9,70,NA,22,19,13,NA,NA,67,41,NA,32,128,NA,NA,NA,14280,17
"64","ROOLEY LANE MED. CENTRE",NA,NA,NA,NA,NA,NA,NA,NA,NA,60,NA,NA,NA,950,NA,NA,NA,180,10,NA,NA,NA,NA,NA,NA,NA,NA,NA,NA,NA,15,NA,NA,NA,NA,NA,NA,NA,NA,NA,NA,NA,NA,NA,2490,280,70,820,40,NA,NA,214,344,122,NA,NA,NA,1,7,8,39,7,NA,NA,NA,NA,1,84,NA,80,NA,NA,20,NA,NA,10,NA,NA,NA,3,NA,NA,NA,NA,NA,NA,NA,240,50,190,NA,NA,4,NA,NA,NA,NA,NA,NA,2,5850,2430,61,18,NA,1,156,NA,NA,2,NA,110,NA,30,30,NA,NA,NA,77,NA,NA,NA,NA,7,NA,NA,NA,300,160,NA,NA,NA,235,675,2680,20,NA,NA,610,NA,NA,17370,NA,NA,NA,118,NA,NA,3,1372,9,1764,4452,25,NA,1,790,670,NA,10,NA,NA,NA,10,18,3,8,258,137,11,1,4,210,70,8,86,2,4,NA,6,1,NA,360,511,161,NA,3,43708,123
"65","SALTAIRE MEDICAL PRACTICE",NA,NA,NA,NA,NA,NA,NA,NA,NA,NA,NA,NA,NA,206,NA,NA,NA,NA,NA,NA,NA,NA,NA,NA,NA,NA,NA,NA,NA,20,8,NA,2,8,NA,NA,47,NA,1,2,NA,NA,NA,NA,3050,710,70,950,NA,NA,NA,28,204,144,9,1,NA,NA,3,NA,3,NA,NA,4,NA,NA,NA,84,80,300,NA,NA,70,340,50,180,90,40,7,7,NA,4,NA,NA,NA,NA,NA,1090,210,1080,10,NA,1,NA,NA,NA,1,259,NA,1,2280,820,16,6,NA,NA,124,8,NA,NA,NA,190,NA,10,10,NA,NA,NA,NA,NA,NA,NA,1,6,NA,NA,50,290,50,70,130,NA,114,150,320,60,NA,NA,120,NA,NA,6020,NA,50,NA,4,NA,NA,4,2044,47,2184,2268,37,280,NA,290,260,NA,70,NA,NA,30,NA,4,3,22,66,3,NA,NA,29,50,50,20,38,24,NA,2,27,43,NA,27,27,7,4,NA,25172,18
"66","SHIPLEY MEDICAL PRACTICE-AFFINITY CARE",30,62,NA,NA,NA,NA,600,20,NA,NA,NA,NA,NA,1448,NA,NA,270,30,NA,NA,NA,NA,NA,NA,NA,NA,NA,NA,NA,1,78,NA,NA,86,9,24,705,NA,NA,NA,12,3,NA,NA,12300,2540,40,2830,NA,100,NA,168,518,532,NA,21,7,4,38,3,58,23,NA,NA,336,NA,NA,NA,420,1630,NA,60,940,1180,NA,390,160,170,66,109,31,NA,20,17,23,NA,NA,2210,2550,850,10,40,NA,NA,NA,NA,NA,555,NA,3,9980,3570,155,114,NA,6,797,NA,NA,13,NA,470,NA,50,NA,6,NA,NA,NA,NA,3,NA,11,78,8,NA,100,2690,100,50,970,150,492,992,1670,190,NA,NA,2910,NA,NA,49940,35,10,NA,89,NA,NA,48,1736,116,3192,3612,28,700,NA,110,540,NA,420,50,NA,100,2,12,NA,19,304,20,NA,NA,54,137,280,76,145,115,NA,14,39,152,3,1071,566,38,32,28,102564,159
"67","SILSDEN & STEETON MEDICAL PRACTICE",NA,16,NA,NA,NA,NA,NA,NA,NA,NA,NA,NA,NA,618,NA,NA,NA,NA,30,NA,NA,NA,NA,NA,1,NA,NA,NA,NA,56,28,NA,NA,28,NA,246,423,NA,NA,1,152,NA,60,NA,10890,3040,250,1170,20,NA,NA,104,322,60,NA,NA,NA,NA,6,NA,90,8,NA,15,NA,NA,NA,NA,680,NA,NA,220,390,130,70,NA,340,40,2,1,13,NA,NA,14,NA,NA,NA,240,160,130,NA,NA,NA,NA,NA,NA,NA,NA,NA,NA,6790,4220,103,48,NA,NA,286,NA,11,NA,NA,690,NA,50,10,NA,NA,NA,9,NA,26,NA,NA,NA,14,NA,70,460,140,10,140,110,126,649,520,130,NA,NA,4760,NA,NA,35990,NA,410,NA,41,NA,NA,32,532,63,2744,868,85,NA,11,2420,3260,NA,NA,10,NA,NA,NA,50,1,11,365,18,NA,NA,27,126,20,51,91,2,NA,14,13,167,12,225,146,17,12,8,20748,64
"68","SUNNYBANK MEDICAL CENTRE",NA,NA,NA,NA,NA,NA,NA,20,NA,NA,NA,NA,NA,912,NA,NA,NA,NA,NA,NA,NA,NA,NA,NA,NA,NA,NA,NA,NA,41,7,NA,NA,22,1,20,423,NA,NA,7,14,NA,NA,NA,7100,1190,20,1150,NA,120,NA,22,24,62,1,2,3,NA,7,1,NA,7,28,NA,NA,NA,NA,140,10,670,NA,80,130,700,NA,120,70,70,6,45,18,NA,NA,20,NA,NA,NA,680,830,80,NA,10,NA,NA,NA,NA,NA,NA,NA,NA,3500,1880,42,14,NA,NA,313,NA,NA,2,NA,370,NA,10,30,NA,NA,NA,NA,NA,NA,NA,13,8,3,NA,NA,400,150,NA,140,30,53,181,220,60,NA,NA,1270,NA,NA,23910,NA,370,NA,30,NA,NA,1,952,14,1484,644,87,28,NA,190,180,NA,60,90,NA,NA,3,70,3,18,68,4,NA,NA,20,66,60,41,56,28,NA,NA,11,97,NA,630,511,13,NA,16,46900,26
"69","TELEHEALTH HUB",NA,NA,NA,NA,NA,NA,NA,NA,NA,NA,NA,NA,NA,NA,NA,NA,NA,NA,NA,NA,NA,NA,NA,NA,NA,NA,NA,NA,NA,NA,NA,NA,NA,NA,NA,NA,NA,NA,NA,NA,NA,NA,NA,NA,10,NA,NA,NA,NA,NA,NA,NA,NA,NA,NA,NA,NA,NA,NA,NA,NA,NA,NA,NA,NA,NA,NA,NA,NA,NA,NA,NA,NA,NA,NA,NA,NA,NA,NA,NA,NA,NA,NA,NA,NA,NA,NA,NA,NA,NA,NA,NA,NA,NA,NA,NA,NA,NA,NA,NA,NA,10,1,NA,NA,NA,NA,NA,NA,NA,NA,NA,NA,NA,NA,NA,NA,NA,NA,NA,NA,NA,NA,NA,NA,NA,NA,NA,NA,NA,NA,NA,NA,NA,NA,NA,NA,NA,20,NA,NA,60,NA,NA,NA,NA,NA,NA,NA,NA,NA,28,NA,NA,NA,NA,NA,NA,NA,NA,NA,NA,NA,1,NA,NA,NA,NA,NA,NA,NA,NA,NA,NA,NA,NA,NA,NA,NA,NA,NA,NA,NA,1,NA,NA,NA,NA,NA
"70","THE AVICENNA MEDICAL PRACTICE",NA,146,NA,NA,27,NA,NA,NA,NA,NA,NA,NA,NA,80,NA,NA,NA,130,NA,8,NA,NA,NA,NA,NA,NA,NA,NA,NA,NA,11,NA,7,2,4,24,282,NA,NA,4,70,NA,NA,NA,5230,1290,10,2610,NA,NA,120,26,54,18,15,NA,1,NA,5,NA,52,NA,NA,NA,NA,NA,NA,NA,10,110,NA,20,290,90,10,30,720,10,NA,28,34,NA,12,6,NA,NA,NA,200,270,120,NA,NA,NA,NA,NA,NA,NA,NA,NA,NA,2380,520,24,14,NA,18,108,NA,NA,NA,NA,10,NA,NA,NA,NA,NA,NA,NA,NA,NA,NA,NA,NA,NA,NA,NA,170,270,NA,NA,70,54,206,60,NA,NA,NA,1400,NA,NA,24140,NA,30,NA,NA,NA,NA,10,784,9,2912,1428,58,112,NA,90,160,NA,10,20,NA,20,NA,NA,NA,13,60,NA,NA,NA,18,111,380,65,57,13,NA,NA,14,56,NA,9,27,2,NA,40,3892,90
"71","THE HEATON MEDICAL PRACTICE",NA,NA,NA,NA,NA,NA,NA,NA,NA,NA,NA,NA,NA,NA,NA,NA,NA,NA,NA,NA,NA,NA,NA,NA,NA,NA,NA,NA,NA,NA,NA,NA,NA,NA,NA,NA,NA,NA,NA,NA,NA,NA,NA,NA,60,NA,NA,10,NA,NA,NA,NA,NA,NA,NA,NA,NA,NA,NA,NA,NA,1,NA,NA,NA,NA,NA,NA,40,NA,NA,NA,NA,NA,NA,NA,NA,NA,NA,NA,NA,NA,NA,NA,NA,NA,NA,NA,NA,20,NA,NA,NA,NA,NA,NA,NA,NA,NA,NA,40,NA,NA,1,NA,NA,NA,NA,NA,NA,NA,NA,NA,NA,NA,NA,NA,NA,NA,NA,NA,NA,NA,NA,NA,NA,NA,NA,NA,NA,NA,NA,NA,1,NA,NA,NA,NA,NA,NA,NA,310,NA,NA,NA,NA,NA,NA,NA,NA,NA,NA,28,NA,NA,NA,NA,NA,NA,NA,NA,NA,NA,NA,NA,NA,NA,NA,NA,NA,NA,1,NA,NA,1,NA,NA,NA,NA,NA,NA,NA,1,NA,NA,NA,NA,168,NA
"72","THE LISTER SURGERY",NA,NA,NA,NA,NA,NA,580,NA,NA,NA,NA,NA,NA,108,NA,NA,NA,NA,NA,NA,NA,NA,NA,40,NA,NA,NA,NA,20,2,49,NA,NA,NA,NA,14,NA,NA,NA,NA,NA,NA,NA,NA,2630,120,NA,1180,NA,NA,40,18,70,26,NA,NA,NA,NA,164,6,13,5,NA,NA,NA,NA,3,NA,60,210,NA,NA,140,NA,NA,NA,20,NA,1,NA,3,NA,NA,17,NA,NA,NA,210,NA,20,NA,NA,NA,NA,NA,NA,NA,NA,NA,7,1380,510,39,14,NA,NA,36,NA,NA,NA,NA,10,NA,NA,10,NA,NA,NA,NA,NA,NA,NA,NA,NA,7,NA,70,210,170,130,420,310,13,70,590,60,NA,NA,410,NA,NA,7080,NA,NA,NA,NA,NA,NA,NA,476,5,1204,952,8,NA,NA,NA,NA,NA,10,NA,NA,NA,NA,10,NA,9,40,NA,NA,NA,30,95,NA,14,42,7,NA,NA,NA,14,NA,36,34,NA,NA,NA,7728,10
"73","THE RIDGE MEDICAL PRACT.",NA,NA,NA,NA,NA,3,60,NA,NA,20,NA,NA,NA,1740,NA,NA,NA,220,NA,NA,NA,NA,NA,NA,NA,1,30,NA,NA,11,137,NA,NA,44,8,22,NA,NA,2,18,30,11,NA,NA,12650,6230,590,2860,NA,NA,100,116,828,530,NA,NA,NA,NA,11,4,47,4,NA,NA,NA,NA,NA,NA,820,3220,NA,190,810,3180,150,820,430,50,13,92,43,45,NA,51,6,NA,NA,2000,4360,50,NA,NA,NA,NA,NA,1,6,74,NA,1,9060,4850,50,16,NA,NA,2180,4,NA,NA,NA,1000,NA,NA,NA,NA,NA,NA,NA,NA,31,NA,33,36,16,NA,30,340,340,NA,60,120,304,1814,4490,210,2,NA,1480,NA,30,98610,NA,770,50,62,20,NA,68,3556,78,5908,6188,124,112,5,NA,10,NA,150,60,NA,20,NA,14,8,NA,829,18,NA,NA,58,191,180,99,418,493,NA,21,168,150,25,314,97,23,54,40,22932,211
"74","THE ROCKWELL AND WROSE PRACTICE",NA,NA,NA,NA,24,NA,180,NA,NA,NA,20,NA,NA,680,NA,NA,60,30,NA,NA,NA,NA,NA,NA,NA,NA,NA,NA,NA,NA,1,NA,NA,12,5,10,235,3,4,4,8,NA,NA,NA,4570,970,NA,1850,20,NA,40,NA,178,198,9,23,7,NA,46,NA,18,NA,NA,NA,NA,NA,NA,28,100,440,NA,80,180,270,NA,250,110,70,NA,3,1,NA,4,6,5,NA,NA,590,450,290,NA,NA,45,NA,10,NA,NA,222,NA,1,2610,1010,6,14,NA,NA,454,NA,NA,NA,NA,100,NA,NA,NA,NA,NA,NA,NA,6,NA,NA,4,9,7,NA,60,400,50,10,410,100,111,536,870,280,NA,NA,1180,NA,NA,22460,NA,30,NA,26,NA,NA,10,1400,55,2044,1792,98,NA,NA,110,40,NA,NA,NA,NA,NA,NA,3,5,NA,64,NA,NA,NA,11,94,190,38,65,41,NA,7,42,123,NA,239,88,NA,9,6,27636,67
"75","THE SALTAIRE & WINDHILL MEDICAL P'SHIP",NA,4,NA,NA,NA,NA,NA,NA,NA,NA,NA,NA,NA,864,NA,NA,180,20,NA,NA,NA,NA,NA,40,NA,NA,20,NA,NA,31,41,NA,NA,198,NA,760,1269,1,NA,3,58,NA,NA,NA,9780,2130,110,1970,NA,NA,NA,100,418,268,22,4,9,NA,203,19,5,3,28,5,NA,NA,NA,364,560,700,10,180,370,300,NA,300,280,200,21,4,NA,13,NA,40,3,NA,3,3580,1360,1360,10,20,1,NA,1,NA,NA,185,9,7,7810,1700,60,13,NA,NA,807,5,NA,2,NA,550,NA,190,40,NA,NA,NA,NA,NA,NA,NA,10,26,NA,NA,150,560,100,40,400,NA,341,864,1390,80,NA,NA,720,1,NA,12650,2,180,NA,27,NA,NA,42,5796,110,4060,3192,46,224,NA,520,220,NA,320,70,10,80,3,98,11,16,206,11,NA,NA,45,216,250,93,203,34,2,2,44,268,NA,271,275,15,25,14,136080,41
"76","THE SPRINGFIELD SURGERY (BINGLEY)",NA,NA,NA,NA,NA,NA,80,NA,NA,NA,NA,NA,NA,282,NA,NA,NA,NA,NA,NA,NA,NA,NA,NA,NA,NA,NA,NA,NA,15,3,NA,NA,34,NA,166,1551,NA,NA,NA,12,NA,NA,NA,1690,610,NA,1760,NA,NA,NA,NA,6,4,4,NA,NA,NA,3,7,10,3,84,NA,NA,NA,NA,28,730,30,NA,60,600,70,NA,NA,360,80,47,353,14,6,NA,27,NA,11,NA,160,NA,150,NA,NA,NA,NA,NA,NA,NA,NA,NA,NA,1350,300,21,NA,NA,6,66,6,NA,NA,10,250,NA,60,10,NA,NA,NA,NA,NA,NA,NA,7,1,NA,NA,10,1100,90,20,560,40,181,663,340,NA,NA,NA,1550,NA,NA,14040,16,190,6,1,NA,NA,18,2156,19,1568,1204,11,84,NA,100,250,NA,40,NA,NA,70,NA,NA,4,NA,27,2,NA,NA,8,38,150,29,56,13,NA,4,34,93,NA,298,7,1,49,39,23352,45
"77","THE WILLOWS MEDICAL CTR.",NA,NA,NA,NA,NA,NA,140,180,NA,NA,NA,NA,NA,490,NA,NA,NA,NA,NA,NA,NA,NA,NA,NA,NA,NA,NA,NA,NA,NA,65,NA,NA,2,NA,4,NA,NA,NA,NA,NA,NA,NA,NA,2980,450,120,700,NA,NA,NA,18,92,28,NA,5,1,NA,48,2,NA,13,NA,NA,NA,NA,NA,28,190,260,NA,40,30,100,NA,NA,10,110,NA,7,NA,1,5,13,13,NA,NA,50,540,NA,20,20,13,NA,NA,NA,NA,NA,NA,NA,2880,920,59,71,NA,13,100,NA,NA,NA,NA,150,NA,20,40,NA,NA,NA,NA,NA,NA,NA,11,75,15,NA,130,300,20,20,130,100,240,831,1050,140,NA,NA,360,NA,NA,12750,NA,50,NA,57,NA,NA,15,2576,28,2324,1512,21,168,18,180,220,NA,10,NA,NA,NA,28,28,NA,NA,133,32,NA,NA,15,164,380,22,73,55,NA,NA,17,1,NA,614,296,26,3,11,32088,296
"78","THE WILSDEN MEDICAL PRACTICE",NA,18,NA,NA,NA,NA,60,NA,NA,NA,NA,NA,NA,664,NA,NA,NA,130,NA,NA,NA,NA,NA,40,NA,NA,NA,NA,NA,79,7,NA,NA,20,NA,262,47,NA,NA,NA,36,14,NA,NA,6800,2740,320,670,NA,NA,80,90,142,24,NA,NA,3,NA,29,2,85,2,84,7,NA,NA,NA,252,1230,60,NA,130,1010,NA,180,10,40,350,NA,107,20,8,23,51,8,NA,NA,160,100,NA,NA,NA,NA,NA,NA,NA,NA,NA,NA,NA,6470,2600,91,38,NA,NA,491,NA,NA,NA,NA,450,NA,NA,NA,NA,NA,NA,NA,NA,NA,NA,15,10,NA,NA,40,520,150,10,240,60,119,612,510,60,NA,NA,1370,NA,NA,34910,NA,500,8,11,NA,NA,50,4004,41,3108,3108,48,672,NA,90,220,NA,60,100,NA,10,10,13,2,10,98,3,NA,NA,46,151,40,98,52,140,NA,NA,125,250,17,124,206,16,18,26,8372,27
"79","THORNBURY MEDICAL PRACTICE",NA,24,NA,NA,NA,NA,NA,NA,NA,NA,NA,NA,NA,84,NA,NA,NA,NA,NA,NA,NA,NA,NA,NA,NA,NA,NA,NA,NA,12,47,NA,NA,2,NA,32,NA,NA,NA,NA,12,NA,NA,NA,3580,1340,130,2540,160,20,NA,108,76,NA,NA,2,NA,NA,7,NA,14,NA,NA,NA,NA,NA,NA,NA,660,210,NA,NA,1340,90,30,NA,210,NA,7,25,NA,11,NA,29,7,NA,NA,130,340,NA,NA,NA,NA,NA,NA,NA,NA,NA,NA,1,4960,3770,26,14,NA,NA,149,NA,NA,NA,NA,120,NA,NA,NA,NA,NA,NA,NA,NA,12,NA,NA,14,NA,NA,40,190,40,NA,10,NA,126,316,290,290,NA,NA,1350,NA,NA,23820,19,60,NA,23,NA,NA,14,1260,84,1456,980,50,NA,NA,NA,130,NA,NA,10,NA,NA,NA,NA,3,26,77,NA,NA,NA,9,74,20,54,37,21,NA,NA,68,91,NA,34,326,NA,8,15,30156,52
"80","THORNTON & DENHOLME MEDICAL PRACTICE",NA,NA,NA,NA,NA,NA,NA,NA,NA,NA,NA,NA,NA,506,NA,NA,70,NA,NA,NA,NA,NA,NA,NA,NA,NA,NA,NA,NA,7,29,NA,NA,60,1,NA,NA,NA,NA,5,2,NA,NA,NA,3380,900,120,1110,NA,NA,NA,136,372,236,2,1,1,NA,9,NA,26,NA,NA,NA,NA,NA,NA,28,190,240,NA,80,120,170,NA,NA,300,10,10,47,18,29,NA,3,NA,NA,NA,1160,2090,250,70,NA,NA,NA,NA,NA,NA,NA,NA,NA,2980,1400,23,16,NA,NA,431,NA,NA,6,NA,260,NA,20,10,NA,NA,NA,NA,NA,NA,NA,1,32,3,NA,60,1010,300,NA,800,140,162,333,220,20,NA,NA,2470,NA,10,32770,NA,60,NA,33,NA,NA,35,2128,38,1932,1092,81,NA,NA,150,220,NA,10,NA,NA,10,3,12,1,10,71,19,NA,NA,19,80,220,35,42,44,NA,5,6,27,1,399,303,30,21,35,15484,66
"81","TONG MEDICAL PRACTICE",NA,98,NA,NA,NA,NA,140,NA,NA,NA,NA,NA,NA,354,NA,NA,NA,30,NA,NA,NA,NA,NA,NA,1,NA,NA,NA,NA,1,28,NA,NA,48,NA,38,611,NA,NA,NA,2,5,NA,NA,3810,650,180,880,NA,20,NA,24,130,16,NA,NA,NA,NA,13,NA,206,NA,NA,NA,NA,NA,NA,84,380,1040,NA,30,500,270,NA,110,1580,20,13,623,15,NA,NA,14,NA,NA,NA,1470,1430,10,NA,NA,NA,NA,NA,NA,NA,555,NA,NA,7220,900,211,15,NA,2,752,NA,NA,NA,NA,460,NA,NA,NA,NA,NA,NA,NA,NA,20,NA,NA,NA,NA,NA,NA,60,NA,NA,NA,NA,75,764,1170,NA,NA,NA,3040,NA,NA,17140,NA,150,NA,20,NA,NA,7,2576,6,2128,5012,35,NA,NA,NA,80,NA,10,30,NA,NA,NA,NA,2,12,72,3,NA,NA,39,87,260,38,49,21,NA,11,15,77,12,694,110,NA,22,116,97020,30
"82","TOWNHEAD SURGERY",NA,14,NA,NA,NA,NA,80,NA,NA,NA,NA,10,70,686,NA,NA,NA,10,NA,NA,NA,NA,NA,NA,NA,NA,NA,NA,NA,21,32,NA,NA,2,16,150,NA,NA,2,19,14,8,NA,20,4590,3550,460,850,NA,NA,NA,12,56,20,NA,4,1,NA,12,NA,45,NA,336,NA,280,NA,NA,NA,470,10,NA,80,30,NA,160,NA,280,60,15,NA,NA,12,NA,29,NA,NA,NA,280,80,100,NA,NA,NA,NA,NA,NA,NA,NA,1,NA,12390,2990,29,50,NA,NA,855,NA,NA,NA,NA,120,NA,60,NA,NA,NA,NA,NA,NA,NA,NA,13,43,5,NA,730,330,250,100,60,80,633,1715,1250,20,NA,NA,1510,NA,NA,27050,NA,90,9,NA,30,NA,52,1372,42,4816,840,41,NA,1,660,430,NA,NA,10,NA,NA,NA,1,4,37,313,103,NA,NA,2,197,10,71,92,46,NA,NA,5,90,6,472,64,1,NA,NA,2352,51
"83","VALLEY VIEW SURGERY",NA,NA,NA,NA,NA,NA,NA,NA,NA,NA,NA,NA,NA,54,NA,NA,NA,NA,NA,NA,70,NA,NA,NA,NA,NA,NA,NA,NA,1,10,NA,NA,12,NA,82,NA,NA,NA,NA,24,NA,NA,NA,5800,1530,90,1750,NA,NA,NA,NA,68,24,NA,2,NA,NA,8,2,4,NA,NA,NA,224,NA,NA,NA,380,40,NA,NA,170,380,NA,220,40,140,NA,19,NA,NA,NA,12,NA,NA,NA,250,310,200,NA,NA,NA,NA,NA,NA,NA,NA,NA,NA,1870,1370,49,21,NA,7,212,NA,NA,NA,NA,80,NA,NA,NA,NA,NA,NA,NA,NA,NA,NA,2,NA,NA,NA,NA,40,140,NA,40,40,83,222,510,30,NA,NA,750,10,NA,12340,1,110,NA,NA,NA,NA,12,28,8,1036,280,6,NA,4,NA,40,NA,NA,NA,NA,NA,NA,NA,NA,NA,27,2,NA,NA,NA,27,50,28,19,NA,NA,NA,NA,49,NA,107,51,NA,10,8,47628,66
"84","WACA EXTENDED ACCESS",NA,NA,NA,NA,NA,NA,NA,NA,NA,NA,NA,NA,NA,NA,NA,NA,NA,NA,NA,NA,NA,NA,NA,NA,NA,NA,NA,NA,NA,NA,NA,NA,NA,NA,NA,NA,NA,NA,NA,NA,NA,NA,NA,NA,NA,NA,NA,NA,NA,NA,NA,NA,NA,NA,NA,NA,NA,NA,NA,NA,NA,NA,NA,NA,NA,NA,NA,NA,NA,NA,NA,NA,NA,NA,NA,NA,NA,NA,NA,NA,NA,NA,NA,NA,NA,NA,NA,NA,NA,NA,NA,NA,NA,NA,NA,NA,NA,NA,NA,NA,NA,NA,NA,NA,NA,NA,NA,NA,NA,NA,NA,NA,NA,NA,NA,NA,NA,NA,NA,NA,NA,NA,NA,NA,NA,NA,NA,NA,NA,NA,NA,NA,NA,NA,NA,NA,NA,NA,NA,NA,NA,10,NA,NA,NA,NA,NA,NA,NA,NA,NA,NA,NA,NA,NA,NA,NA,NA,NA,NA,NA,NA,NA,NA,NA,NA,NA,NA,NA,NA,NA,NA,NA,NA,NA,NA,NA,NA,NA,NA,NA,NA,NA,NA,NA,NA,NA,NA,NA
"85","WHETLEY MEDICAL CENTRE",NA,NA,NA,NA,NA,NA,NA,NA,NA,NA,240,NA,NA,58,NA,NA,NA,NA,NA,4,NA,NA,NA,NA,NA,NA,NA,NA,NA,16,16,NA,NA,NA,NA,6,NA,NA,NA,NA,NA,NA,NA,NA,3710,440,NA,1040,NA,NA,NA,114,8,NA,NA,1,NA,NA,74,NA,20,NA,NA,NA,NA,NA,NA,NA,410,NA,NA,10,290,NA,NA,NA,60,NA,NA,11,NA,NA,1,NA,NA,NA,NA,160,70,NA,NA,NA,NA,NA,NA,NA,NA,NA,NA,NA,2650,380,31,NA,NA,NA,40,NA,NA,NA,NA,10,NA,NA,NA,NA,NA,NA,NA,NA,2,NA,NA,2,NA,NA,NA,170,190,NA,30,NA,50,97,230,220,NA,NA,970,NA,NA,10760,NA,NA,NA,NA,NA,NA,3,2464,22,2408,1036,NA,NA,NA,NA,NA,NA,120,20,NA,NA,NA,NA,NA,NA,29,NA,NA,NA,17,71,180,14,9,NA,NA,NA,13,40,NA,13,66,NA,NA,NA,10220,22
"86","WIBSEY & QUEENSBURY MED P",33,NA,6,NA,NA,NA,NA,NA,NA,NA,NA,NA,NA,466,NA,NA,60,470,130,NA,NA,10,10,10,NA,NA,NA,NA,NA,11,14,NA,NA,38,3,108,1410,NA,NA,7,92,7,NA,NA,5090,730,370,3500,NA,NA,NA,166,38,40,NA,2,1,NA,12,4,13,12,NA,12,364,NA,NA,NA,170,1070,NA,30,230,590,NA,210,320,10,NA,NA,NA,10,4,9,NA,NA,NA,520,250,70,NA,10,NA,NA,NA,NA,NA,NA,NA,NA,7300,6330,59,15,1,NA,339,17,NA,NA,NA,340,NA,20,10,NA,NA,NA,NA,NA,7,NA,7,NA,NA,NA,40,190,NA,80,130,NA,65,268,1010,330,NA,NA,1520,1,NA,16740,33,NA,13,50,NA,NA,40,12152,49,8876,5740,48,196,10,20,130,NA,340,NA,NA,20,5,158,30,89,121,8,NA,NA,19,87,80,112,78,83,NA,21,69,58,NA,143,600,9,14,4,110600,88
"87","WOODROYD MEDICAL PRACTICE",NA,NA,NA,NA,NA,NA,NA,NA,NA,NA,NA,NA,NA,NA,NA,NA,NA,NA,NA,NA,NA,NA,NA,NA,NA,NA,NA,NA,NA,NA,NA,NA,NA,NA,NA,NA,NA,NA,NA,NA,NA,NA,NA,NA,10,NA,NA,NA,NA,NA,NA,NA,NA,NA,NA,NA,NA,NA,NA,NA,NA,NA,NA,NA,NA,NA,NA,NA,NA,NA,NA,NA,NA,NA,NA,NA,NA,NA,NA,NA,NA,NA,NA,NA,NA,NA,NA,NA,NA,NA,NA,NA,NA,NA,NA,NA,NA,NA,NA,NA,NA,NA,NA,NA,NA,NA,NA,NA,NA,NA,NA,NA,NA,NA,NA,NA,NA,NA,NA,NA,NA,NA,NA,NA,NA,NA,NA,NA,NA,NA,NA,NA,NA,NA,NA,NA,NA,NA,NA,NA,NA,10,NA,NA,NA,NA,NA,NA,NA,NA,NA,NA,56,NA,NA,NA,NA,NA,NA,NA,NA,NA,NA,NA,NA,NA,NA,NA,NA,NA,NA,NA,NA,NA,NA,NA,NA,NA,NA,NA,NA,NA,NA,NA,NA,NA,NA,NA,NA
